year,month,pioggia,data
1833,1,96.1,1833-01-01
1833,2,102.3,1833-02-01
1833,3,183.9,1833-03-01
1833,4,173.0,1833-04-01
1833,5,55.3,1833-05-01
1833,6,56.6,1833-06-01
1833,7,215.8,1833-07-01
1833,8,23.7,1833-08-01
1833,9,224.7,1833-09-01
1833,10,16.2,1833-10-01
1833,11,250.2,1833-11-01
1833,12,6.1,1833-12-01
1834,1,155.0,1834-01-01
1834,2,29.5,1834-02-01
1834,3,1.0,1834-03-01
1834,4,115.6,1834-04-01
1834,5,84.7,1834-05-01
1834,6,102.0,1834-06-01
1834,7,44.0,1834-07-01
1834,8,281.9,1834-08-01
1834,9,24.0,1834-09-01
1834,10,152.0,1834-10-01
1834,11,178.34,1834-11-01
1834,12,1.1,1834-12-01
1835,1,170.2,1835-01-01
1835,2,78.0,1835-02-01
1835,3,21.3,1835-03-01
1835,4,114.7,1835-04-01
1835,5,209.0,1835-05-01
1835,6,41.7,1835-06-01
1835,7,2.0,1835-07-01
1835,8,343.7,1835-08-01
1835,9,163.1,1835-09-01
1835,10,145.4,1835-10-01
1835,11,75.7,1835-11-01
1835,12,2.0,1835-12-01
1836,1,104.0,1836-01-01
1836,2,300.0,1836-02-01
1836,3,125.0,1836-03-01
1836,4,86.2,1836-04-01
1836,5,77.0,1836-05-01
1836,6,4.2,1836-06-01
1836,7,17.2,1836-07-01
1836,8,12.3,1836-08-01
1836,9,155.9,1836-09-01
1836,10,87.7,1836-10-01
1836,11,134.8,1836-11-01
1836,12,89.6,1836-12-01
1837,1,126.0,1837-01-01
1837,2,63.1,1837-02-01
1837,3,197.3,1837-03-01
1837,4,143.1,1837-04-01
1837,5,124.0,1837-05-01
1837,6,18.6,1837-06-01
1837,7,57.4,1837-07-01
1837,8,34.2,1837-08-01
1837,9,73.9,1837-09-01
1837,10,122.2,1837-10-01
1837,11,49.1,1837-11-01
1837,12,181.4,1837-12-01
1838,1,83.5,1838-01-01
1838,2,244.0,1838-02-01
1838,3,155.0,1838-03-01
1838,4,102.3,1838-04-01
1838,5,72.4,1838-05-01
1838,6,134.3,1838-06-01
1838,7,49.4,1838-07-01
1838,8,33.1,1838-08-01
1838,9,320.5,1838-09-01
1838,10,34.6,1838-10-01
1838,11,176.2,1838-11-01
1838,12,86.9,1838-12-01
1839,1,12.0,1839-01-01
1839,2,106.5,1839-02-01
1839,3,91.2,1839-03-01
1839,4,29.5,1839-04-01
1839,5,111.3,1839-05-01
1839,6,4.0,1839-06-01
1839,7,0.0,1839-07-01
1839,8,63.5,1839-08-01
1839,9,242.3,1839-09-01
1839,10,173.5,1839-10-01
1839,11,545.0,1839-11-01
1839,12,203.5,1839-12-01
1840,1,42.4,1840-01-01
1840,2,70.7,1840-02-01
1840,3,16.2,1840-03-01
1840,4,121.0,1840-04-01
1840,5,210.0,1840-05-01
1840,6,7.1,1840-06-01
1840,7,42.9,1840-07-01
1840,8,26.4,1840-08-01
1840,9,197.9,1840-09-01
1840,10,283.1,1840-10-01
1840,11,88.7,1840-11-01
1840,12,24.4,1840-12-01
1841,1,72.9,1841-01-01
1841,2,297.4,1841-02-01
1841,3,49.2,1841-03-01
1841,4,46.35,1841-04-01
1841,5,82.4,1841-05-01
1841,6,88.2,1841-06-01
1841,7,7.1,1841-07-01
1841,8,39.5,1841-08-01
1841,9,50.5,1841-09-01
1841,10,233.1,1841-10-01
1841,11,50.1,1841-11-01
1841,12,213.0,1841-12-01
1842,1,136.2,1842-01-01
1842,2,33.8,1842-02-01
1842,3,13.2,1842-03-01
1842,4,195.8,1842-04-01
1842,5,75.9,1842-05-01
1842,6,43.3,1842-06-01
1842,7,88.9,1842-07-01
1842,8,291.7,1842-08-01
1842,9,260.2,1842-09-01
1842,10,189.6,1842-10-01
1842,11,181.2,1842-11-01
1842,12,134.5,1842-12-01
1843,1,41.6,1843-01-01
1843,2,340.2,1843-02-01
1843,3,86.8,1843-03-01
1843,4,47.3,1843-04-01
1843,5,83.9,1843-05-01
1843,6,75.5,1843-06-01
1843,7,45.4,1843-07-01
1843,8,3.3,1843-08-01
1843,9,14.9,1843-09-01
1843,10,163.0,1843-10-01
1843,11,66.6,1843-11-01
1843,12,6.1,1843-12-01
1844,1,37.5,1844-01-01
1844,2,88.2,1844-02-01
1844,3,83.9,1844-03-01
1844,4,10.7,1844-04-01
1844,5,137.0,1844-05-01
1844,6,34.8,1844-06-01
1844,7,11.9,1844-07-01
1844,8,41.4,1844-08-01
1844,9,187.9,1844-09-01
1844,10,244.8,1844-10-01
1844,11,187.0,1844-11-01
1844,12,215.8,1844-12-01
1845,1,435.2,1845-01-01
1845,2,74.3,1845-02-01
1845,3,137.3,1845-03-01
1845,4,49.4,1845-04-01
1845,5,53.2,1845-05-01
1845,6,59.9,1845-06-01
1845,7,24.3,1845-07-01
1845,8,92.5,1845-08-01
1845,9,194.3,1845-09-01
1845,10,122.2,1845-10-01
1845,11,349.5,1845-11-01
1845,12,49.1,1845-12-01
1846,1,127.0,1846-01-01
1846,2,1.1,1846-02-01
1846,3,56.6,1846-03-01
1846,4,71.4,1846-04-01
1846,5,82.0,1846-05-01
1846,6,107.0,1846-06-01
1846,7,56.5,1846-07-01
1846,8,95.1,1846-08-01
1846,9,216.9,1846-09-01
1846,10,446.1,1846-10-01
1846,11,82.8,1846-11-01
1846,12,147.2,1846-12-01
1847,1,155.6,1847-01-01
1847,2,3.7,1847-02-01
1847,3,26.8,1847-03-01
1847,4,32.9,1847-04-01
1847,5,42.4,1847-05-01
1847,6,112.9,1847-06-01
1847,7,43.2,1847-07-01
1847,8,115.9,1847-08-01
1847,9,22.4,1847-09-01
1847,10,238.2,1847-10-01
1847,11,191.3,1847-11-01
1847,12,101.2,1847-12-01
1848,1,86.6,1848-01-01
1848,2,86.8,1848-02-01
1848,3,130.4,1848-03-01
1848,4,170.9,1848-04-01
1848,5,91.3,1848-05-01
1848,6,20.3,1848-06-01
1848,7,26.39,1848-07-01
1848,8,1.5,1848-08-01
1848,9,192.6,1848-09-01
1848,10,331.1,1848-10-01
1848,11,194.8,1848-11-01
1848,12,74.4,1848-12-01
1849,1,30.2,1849-01-01
1849,2,10.3,1849-02-01
1849,3,49.7,1849-03-01
1849,4,167.6,1849-04-01
1849,5,34.7,1849-05-01
1849,6,4.8,1849-06-01
1849,7,7.7,1849-07-01
1849,8,45.6,1849-08-01
1849,9,109.3,1849-09-01
1849,10,114.8,1849-10-01
1849,11,126.8,1849-11-01
1849,12,146.6,1849-12-01
1850,1,110.1,1850-01-01
1850,2,12.1,1850-02-01
1850,3,2.9,1850-03-01
1850,4,280.4,1850-04-01
1850,5,192.9,1850-05-01
1850,6,31.0,1850-06-01
1850,7,14.8,1850-07-01
1850,8,92.2,1850-08-01
1850,9,33.8,1850-09-01
1850,10,224.6,1850-10-01
1850,11,231.2,1850-11-01
1850,12,52.9,1850-12-01
1851,1,145.0,1851-01-01
1851,2,190.6,1851-02-01
1851,3,34.6,1851-03-01
1851,4,70.0,1851-04-01
1851,5,138.5,1851-05-01
1851,6,61.4,1851-06-01
1851,7,75.7,1851-07-01
1851,8,45.3,1851-08-01
1851,9,268.9,1851-09-01
1851,10,278.8,1851-10-01
1851,11,211.8,1851-11-01
1851,12,22.3,1851-12-01
1852,1,44.1,1852-01-01
1852,2,70.5,1852-02-01
1852,3,20.5,1852-03-01
1852,4,47.4,1852-04-01
1852,5,42.0,1852-05-01
1852,6,28.0,1852-06-01
1852,7,106.1,1852-07-01
1852,8,84.5,1852-08-01
1852,9,185.3,1852-09-01
1852,10,134.9,1852-10-01
1852,11,264.9,1852-11-01
1852,12,237.7,1852-12-01
1853,1,144.0,1853-01-01
1853,2,255.2,1853-02-01
1853,3,137.3,1853-03-01
1853,4,36.7,1853-04-01
1853,5,137.7,1853-05-01
1853,6,115.5,1853-06-01
1853,7,2.7,1853-07-01
1853,8,20.3,1853-08-01
1853,9,92.8,1853-09-01
1853,10,494.9,1853-10-01
1853,11,159.6,1853-11-01
1853,12,62.9,1853-12-01
1854,1,126.1,1854-01-01
1854,2,0.6,1854-02-01
1854,3,2.0,1854-03-01
1854,4,66.3,1854-04-01
1854,5,65.6,1854-05-01
1854,6,53.3,1854-06-01
1854,7,13.1,1854-07-01
1854,8,25.9,1854-08-01
1854,9,13.1,1854-09-01
1854,10,202.1,1854-10-01
1854,11,129.4,1854-11-01
1854,12,231.7,1854-12-01
1855,1,44.4,1855-01-01
1855,2,246.1,1855-02-01
1855,3,152.0,1855-03-01
1855,4,64.2,1855-04-01
1855,5,68.4,1855-05-01
1855,6,68.5,1855-06-01
1855,7,0.7,1855-07-01
1855,8,29.3,1855-08-01
1855,9,172.2,1855-09-01
1855,10,282.7,1855-10-01
1855,11,133.9,1855-11-01
1855,12,44.0,1855-12-01
1856,1,352.8,1856-01-01
1856,2,96.3,1856-02-01
1856,3,64.1,1856-03-01
1856,4,174.8,1856-04-01
1856,5,134.0,1856-05-01
1856,6,37.0,1856-06-01
1856,7,34.3,1856-07-01
1856,8,42.1,1856-08-01
1856,9,186.3,1856-09-01
1856,10,152.3,1856-10-01
1856,11,60.4,1856-11-01
1856,12,201.6,1856-12-01
1857,1,91.0,1857-01-01
1857,2,34.9,1857-02-01
1857,3,80.1,1857-03-01
1857,4,141.4,1857-04-01
1857,5,82.4,1857-05-01
1857,6,30.5,1857-06-01
1857,7,5.0,1857-07-01
1857,8,49.8,1857-08-01
1857,9,309.6,1857-09-01
1857,10,252.1,1857-10-01
1857,11,88.3,1857-11-01
1857,12,29.5,1857-12-01
1858,1,19.1,1858-01-01
1858,2,17.7,1858-02-01
1858,3,126.0,1858-03-01
1858,4,133.9,1858-04-01
1858,5,46.5,1858-05-01
1858,6,14.4,1858-06-01
1858,7,112.0,1858-07-01
1858,8,94.3,1858-08-01
1858,9,37.0,1858-09-01
1858,10,289.7,1858-10-01
1858,11,245.1,1858-11-01
1858,12,109.3,1858-12-01
1859,1,80.0,1859-01-01
1859,2,107.0,1859-02-01
1859,3,19.5,1859-03-01
1859,4,28.6,1859-04-01
1859,5,155.6,1859-05-01
1859,6,62.8,1859-06-01
1859,7,7.2,1859-07-01
1859,8,61.6,1859-08-01
1859,9,103.1,1859-09-01
1859,10,363.5,1859-10-01
1859,11,99.8,1859-11-01
1859,12,150.6,1859-12-01
1860,1,112.7,1860-01-01
1860,2,33.9,1860-02-01
1860,3,5.9,1860-03-01
1860,4,146.4,1860-04-01
1860,5,94.6,1860-05-01
1860,6,101.7,1860-06-01
1860,7,18.9,1860-07-01
1860,8,2.1,1860-08-01
1860,9,167.7,1860-09-01
1860,10,18.2,1860-10-01
1860,11,289.3,1860-11-01
1860,12,257.0,1860-12-01
1861,1,47.3,1861-01-01
1861,2,223.6,1861-02-01
1861,3,30.0,1861-03-01
1861,4,8.4,1861-04-01
1861,5,7.6,1861-05-01
1861,6,29.6,1861-06-01
1861,7,11.3,1861-07-01
1861,8,4.5,1861-08-01
1861,9,135.6,1861-09-01
1861,10,140.1,1861-10-01
1861,11,70.9,1861-11-01
1861,12,8.6,1861-12-01
1862,1,64.4,1862-01-01
1862,2,92.8,1862-02-01
1862,3,224.3,1862-03-01
1862,4,24.5,1862-04-01
1862,5,91.5,1862-05-01
1862,6,206.8,1862-06-01
1862,7,0.4,1862-07-01
1862,8,60.7,1862-08-01
1862,9,97.8,1862-09-01
1862,10,166.4,1862-10-01
1862,11,306.4,1862-11-01
1862,12,56.6,1862-12-01
1863,1,232.8,1863-01-01
1863,2,9.0,1863-02-01
1863,3,198.8,1863-03-01
1863,4,20.6,1863-04-01
1863,5,91.2,1863-05-01
1863,6,98.9,1863-06-01
1863,7,15.4,1863-07-01
1863,8,10.9,1863-08-01
1863,9,146.8,1863-09-01
1863,10,221.4,1863-10-01
1863,11,74.5,1863-11-01
1863,12,74.4,1863-12-01
1864,1,11.2,1864-01-01
1864,2,122.5,1864-02-01
1864,3,56.9,1864-03-01
1864,4,42.1,1864-04-01
1864,5,30.7,1864-05-01
1864,6,46.2,1864-06-01
1864,7,3.1,1864-07-01
1864,8,89.8,1864-08-01
1864,9,25.0,1864-09-01
1864,10,410.0,1864-10-01
1864,11,161.2,1864-11-01
1864,12,204.1,1864-12-01
1865,1,47.4,1865-01-01
1865,2,49.1,1865-02-01
1865,3,161.5,1865-03-01
1865,4,6.8,1865-04-01
1865,5,25.1,1865-05-01
1865,6,24.8,1865-06-01
1865,7,21.2,1865-07-01
1865,8,86.3,1865-08-01
1865,9,3.6,1865-09-01
1865,10,425.9,1865-10-01
1865,11,258.0,1865-11-01
1865,12,158.9,1865-12-01
1866,1,45.9,1866-01-01
1866,2,188.0,1866-02-01
1866,3,295.1,1866-03-01
1866,4,285.8,1866-04-01
1866,5,95.6,1866-05-01
1866,6,28.2,1866-06-01
1866,7,7.3,1866-07-01
1866,8,44.9,1866-08-01
1866,9,75.1,1866-09-01
1866,10,53.0,1866-10-01
1866,11,21.1,1866-11-01
1866,12,9.4,1866-12-01
1867,1,230.2,1867-01-01
1867,2,220.2,1867-02-01
1867,3,196.9,1867-03-01
1867,4,58.8,1867-04-01
1867,5,86.3,1867-05-01
1867,6,5.0,1867-06-01
1867,7,49.1,1867-07-01
1867,8,114.1,1867-08-01
1867,9,134.2,1867-09-01
1867,10,144.3,1867-10-01
1867,11,277.2,1867-11-01
1867,12,50.9,1867-12-01
1868,1,34.7,1868-01-01
1868,2,33.9,1868-02-01
1868,3,84.8,1868-03-01
1868,4,45.8,1868-04-01
1868,5,26.1,1868-05-01
1868,6,20.8,1868-06-01
1868,7,71.3,1868-07-01
1868,8,126.1,1868-08-01
1868,9,423.4,1868-09-01
1868,10,204.3,1868-10-01
1868,11,360.2,1868-11-01
1868,12,225.2,1868-12-01
1869,1,76.3,1869-01-01
1869,2,105.6,1869-02-01
1869,3,119.2,1869-03-01
1869,4,23.3,1869-04-01
1869,5,41.4,1869-05-01
1869,6,50.7,1869-06-01
1869,7,7.0,1869-07-01
1869,8,14.2,1869-08-01
1869,9,107.5,1869-09-01
1869,10,61.1,1869-10-01
1869,11,117.3,1869-11-01
1869,12,184.8,1869-12-01
1870,1,81.3,1870-01-01
1870,2,148.1,1870-02-01
1870,3,51.9,1870-03-01
1870,4,6.0,1870-04-01
1870,5,31.6,1870-05-01
1870,6,118.4,1870-06-01
1870,7,7.5,1870-07-01
1870,8,284.2,1870-08-01
1870,9,12.7,1870-09-01
1870,10,61.6,1870-10-01
1870,11,381.8,1870-11-01
1870,12,166.1,1870-12-01
1871,1,113.7,1871-01-01
1871,2,48.0,1871-02-01
1871,3,37.4,1871-03-01
1871,4,48.6,1871-04-01
1871,5,81.2,1871-05-01
1871,6,54.3,1871-06-01
1871,7,2.5,1871-07-01
1871,8,21.4,1871-08-01
1871,9,96.5,1871-09-01
1871,10,24.6,1871-10-01
1871,11,377.9,1871-11-01
1871,12,77.0,1871-12-01
1872,1,288.3,1872-01-01
1872,2,119.1,1872-02-01
1872,3,126.5,1872-03-01
1872,4,85.6,1872-04-01
1872,5,80.8,1872-05-01
1872,6,36.2,1872-06-01
1872,7,71.2,1872-07-01
1872,8,68.3,1872-08-01
1872,9,28.2,1872-09-01
1872,10,775.9,1872-10-01
1872,11,426.3,1872-11-01
1872,12,645.8,1872-12-01
1873,1,89.7,1873-01-01
1873,2,121.2,1873-02-01
1873,3,72.5,1873-03-01
1873,4,199.6,1873-04-01
1873,5,39.3,1873-05-01
1873,6,42.2,1873-06-01
1873,7,1.9,1873-07-01
1873,8,7.7,1873-08-01
1873,9,36.4,1873-09-01
1873,10,315.6,1873-10-01
1873,11,193.4,1873-11-01
1873,12,7.8,1873-12-01
1874,1,81.5,1874-01-01
1874,2,260.5,1874-02-01
1874,3,61.3,1874-03-01
1874,4,175.4,1874-04-01
1874,5,63.4,1874-05-01
1874,6,40.8,1874-06-01
1874,7,30.9,1874-07-01
1874,8,28.5,1874-08-01
1874,9,79.5,1874-09-01
1874,10,277.0,1874-10-01
1874,11,25.6,1874-11-01
1874,12,113.7,1874-12-01
1875,1,108.5,1875-01-01
1875,2,132.3,1875-02-01
1875,3,37.5,1875-03-01
1875,4,80.7,1875-04-01
1875,5,30.8,1875-05-01
1875,6,160.8,1875-06-01
1875,7,169.5,1875-07-01
1875,8,49.0,1875-08-01
1875,9,40.5,1875-09-01
1875,10,340.6,1875-10-01
1875,11,67.6,1875-11-01
1875,12,57.8,1875-12-01
1876,1,103.3,1876-01-01
1876,2,20.8,1876-02-01
1876,3,228.6,1876-03-01
1876,4,242.9,1876-04-01
1876,5,37.6,1876-05-01
1876,6,189.7,1876-06-01
1876,7,21.3,1876-07-01
1876,8,97.2,1876-08-01
1876,9,53.4,1876-09-01
1876,10,71.6,1876-10-01
1876,11,292.9,1876-11-01
1876,12,231.3,1876-12-01
1877,1,80.6,1877-01-01
1877,2,17.7,1877-02-01
1877,3,236.5,1877-03-01
1877,4,146.0,1877-04-01
1877,5,156.5,1877-05-01
1877,6,30.8,1877-06-01
1877,7,31.5,1877-07-01
1877,8,0.1,1877-08-01
1877,9,48.9,1877-09-01
1877,10,41.7,1877-10-01
1877,11,239.6,1877-11-01
1877,12,50.0,1877-12-01
1878,1,17.6,1878-01-01
1878,2,4.4,1878-02-01
1878,3,129.7,1878-03-01
1878,4,99.4,1878-04-01
1878,5,45.0,1878-05-01
1878,6,100.8,1878-06-01
1878,7,38.8,1878-07-01
1878,8,47.7,1878-08-01
1878,9,11.5,1878-09-01
1878,10,200.1,1878-10-01
1878,11,265.0,1878-11-01
1878,12,140.3,1878-12-01
1879,1,75.9,1879-01-01
1879,2,176.8,1879-02-01
1879,3,173.7,1879-03-01
1879,4,244.5,1879-04-01
1879,5,198.7,1879-05-01
1879,6,5.4,1879-06-01
1879,7,2.5,1879-07-01
1879,8,3.0,1879-08-01
1879,9,160.3,1879-09-01
1879,10,4.6,1879-10-01
1879,11,185.7,1879-11-01
1879,12,71.9,1879-12-01
1880,1,33.6,1880-01-01
1880,2,165.7,1880-02-01
1880,3,45.0,1880-03-01
1880,4,103.7,1880-04-01
1880,5,59.8,1880-05-01
1880,6,131.6,1880-06-01
1880,7,46.2,1880-07-01
1880,8,106.1,1880-08-01
1880,9,204.3,1880-09-01
1880,10,77.4,1880-10-01
1880,11,167.3,1880-11-01
1880,12,33.9,1880-12-01
1881,1,131.7,1881-01-01
1881,2,49.0,1881-02-01
1881,3,90.0,1881-03-01
1881,4,80.0,1881-04-01
1881,5,91.9,1881-05-01
1881,6,45.4,1881-06-01
1881,7,0.4,1881-07-01
1881,8,121.3,1881-08-01
1881,9,93.7,1881-09-01
1881,10,158.2,1881-10-01
1881,11,359.1,1881-11-01
1881,12,72.8,1881-12-01
1882,1,63.9,1882-01-01
1882,2,44.8,1882-02-01
1882,3,68.1,1882-03-01
1882,4,57.9,1882-04-01
1882,5,36.3,1882-05-01
1882,6,12.2,1882-06-01
1882,7,53.4,1882-07-01
1882,8,28.8,1882-08-01
1882,9,440.3,1882-09-01
1882,10,404.5,1882-10-01
1882,11,64.9,1882-11-01
1882,12,172.3,1882-12-01
1883,1,220.8,1883-01-01
1883,2,128.0,1883-02-01
1883,3,168.6,1883-03-01
1883,4,205.1,1883-04-01
1883,5,96.1,1883-05-01
1883,6,75.7,1883-06-01
1883,7,13.5,1883-07-01
1883,8,32.4,1883-08-01
1883,9,97.9,1883-09-01
1883,10,70.1,1883-10-01
1883,11,145.2,1883-11-01
1883,12,41.7,1883-12-01
1884,1,19.3,1884-01-01
1884,2,102.7,1884-02-01
1884,3,31.4,1884-03-01
1884,4,123.6,1884-04-01
1884,5,118.9,1884-05-01
1884,6,89.9,1884-06-01
1884,7,67.8,1884-07-01
1884,8,26.1,1884-08-01
1884,9,193.3,1884-09-01
1884,10,71.8,1884-10-01
1884,11,14.7,1884-11-01
1884,12,55.1,1884-12-01
1885,1,122.8,1885-01-01
1885,2,254.5,1885-02-01
1885,3,89.8,1885-03-01
1885,4,130.1,1885-04-01
1885,5,29.4,1885-05-01
1885,6,61.2,1885-06-01
1885,7,18.3,1885-07-01
1885,8,81.1,1885-08-01
1885,9,164.5,1885-09-01
1885,10,183.0,1885-10-01
1885,11,150.1,1885-11-01
1885,12,21.7,1885-12-01
1886,1,146.6,1886-01-01
1886,2,6.4,1886-02-01
1886,3,75.2,1886-03-01
1886,4,40.5,1886-04-01
1886,5,84.7,1886-05-01
1886,6,235.5,1886-06-01
1886,7,5.6,1886-07-01
1886,8,86.7,1886-08-01
1886,9,19.8,1886-09-01
1886,10,360.8,1886-10-01
1886,11,264.0,1886-11-01
1886,12,188.0,1886-12-01
1887,1,157.9,1887-01-01
1887,2,17.5,1887-02-01
1887,3,46.9,1887-03-01
1887,4,96.7,1887-04-01
1887,5,107.4,1887-05-01
1887,6,162.4,1887-06-01
1887,7,11.2,1887-07-01
1887,8,2.2,1887-08-01
1887,9,82.7,1887-09-01
1887,10,190.4,1887-10-01
1887,11,426.1,1887-11-01
1887,12,98.7,1887-12-01
1888,1,13.9,1888-01-01
1888,2,207.6,1888-02-01
1888,3,141.3,1888-03-01
1888,4,64.2,1888-04-01
1888,5,52.7,1888-05-01
1888,6,101.8,1888-06-01
1888,7,64.6,1888-07-01
1888,8,16.0,1888-08-01
1888,9,118.3,1888-09-01
1888,10,31.7,1888-10-01
1888,11,241.0,1888-11-01
1888,12,369.8,1888-12-01
1889,1,59.9,1889-01-01
1889,2,13.9,1889-02-01
1889,3,186.5,1889-03-01
1889,4,254.6,1889-04-01
1889,5,80.9,1889-05-01
1889,6,203.1,1889-06-01
1889,7,10.5,1889-07-01
1889,8,8.0,1889-08-01
1889,9,40.8,1889-09-01
1889,10,302.3,1889-10-01
1889,11,117.6,1889-11-01
1889,12,89.0,1889-12-01
1890,1,122.8,1890-01-01
1890,2,38.9,1890-02-01
1890,3,190.9,1890-03-01
1890,4,191.5,1890-04-01
1890,5,95.9,1890-05-01
1890,6,7.5,1890-06-01
1890,7,22.0,1890-07-01
1890,8,36.8,1890-08-01
1890,9,145.6,1890-09-01
1890,10,8.9,1890-10-01
1890,11,103.3,1890-11-01
1890,12,93.2,1890-12-01
1891,1,11.2,1891-01-01
1891,2,37.5,1891-02-01
1891,3,199.5,1891-03-01
1891,4,121.5,1891-04-01
1891,5,149.4,1891-05-01
1891,6,16.0,1891-06-01
1891,7,40.1,1891-07-01
1891,8,12.8,1891-08-01
1891,9,57.5,1891-09-01
1891,10,284.6,1891-10-01
1891,11,183.6,1891-11-01
1891,12,115.6,1891-12-01
1892,1,90.3,1892-01-01
1892,2,325.6,1892-02-01
1892,3,208.0,1892-03-01
1892,4,31.7,1892-04-01
1892,5,108.3,1892-05-01
1892,6,59.9,1892-06-01
1892,7,58.7,1892-07-01
1892,8,54.5,1892-08-01
1892,9,48.0,1892-09-01
1892,10,358.3,1892-10-01
1892,11,100.0,1892-11-01
1892,12,2.2,1892-12-01
1893,1,41.5,1893-01-01
1893,2,282.0,1893-02-01
1893,3,21.3,1893-03-01
1893,4,31.2,1893-04-01
1893,5,117.6,1893-05-01
1893,6,65.2,1893-06-01
1893,7,151.7,1893-07-01
1893,8,81.1,1893-08-01
1893,9,194.9,1893-09-01
1893,10,28.9,1893-10-01
1893,11,110.4,1893-11-01
1893,12,219.8,1893-12-01
1894,1,161.2,1894-01-01
1894,2,8.6,1894-02-01
1894,3,41.2,1894-03-01
1894,4,59.4,1894-04-01
1894,5,122.0,1894-05-01
1894,6,29.4,1894-06-01
1894,7,8.4,1894-07-01
1894,8,0.7,1894-08-01
1894,9,13.4,1894-09-01
1894,10,143.6,1894-10-01
1894,11,281.7,1894-11-01
1894,12,1.0,1894-12-01
1895,1,235.7,1895-01-01
1895,2,72.6,1895-02-01
1895,3,118.5,1895-03-01
1895,4,136.2,1895-04-01
1895,5,61.9,1895-05-01
1895,6,94.8,1895-06-01
1895,7,48.5,1895-07-01
1895,8,4.8,1895-08-01
1895,9,4.9,1895-09-01
1895,10,229.6,1895-10-01
1895,11,69.9,1895-11-01
1895,12,163.9,1895-12-01
1896,1,13.5,1896-01-01
1896,2,1.5,1896-02-01
1896,3,18.3,1896-03-01
1896,4,16.5,1896-04-01
1896,5,75.7,1896-05-01
1896,6,244.9,1896-06-01
1896,7,77.6,1896-07-01
1896,8,179.7,1896-08-01
1896,9,30.2,1896-09-01
1896,10,357.8,1896-10-01
1896,11,147.3,1896-11-01
1896,12,254.2,1896-12-01
1897,1,276.7,1897-01-01
1897,2,12.7,1897-02-01
1897,3,46.3,1897-03-01
1897,4,25.6,1897-04-01
1897,5,74.6,1897-05-01
1897,6,7.4,1897-06-01
1897,7,92.6,1897-07-01
1897,8,45.0,1897-08-01
1897,9,121.2,1897-09-01
1897,10,141.9,1897-10-01
1897,11,118.4,1897-11-01
1897,12,205.0,1897-12-01
1898,1,170.7,1898-01-01
1898,2,61.5,1898-02-01
1898,3,137.5,1898-03-01
1898,4,252.7,1898-04-01
1898,5,112.8,1898-05-01
1898,6,59.0,1898-06-01
1898,7,54.0,1898-07-01
1898,8,12.8,1898-08-01
1898,9,84.2,1898-09-01
1898,10,224.3,1898-10-01
1898,11,183.8,1898-11-01
1898,12,35.3,1898-12-01
1899,1,253.3,1899-01-01
1899,2,60.7,1899-02-01
1899,3,80.3,1899-03-01
1899,4,93.4,1899-04-01
1899,5,33.6,1899-05-01
1899,6,23.3,1899-06-01
1899,7,88.4,1899-07-01
1899,8,36.6,1899-08-01
1899,9,91.4,1899-09-01
1899,10,198.0,1899-10-01
1899,11,103.2,1899-11-01
1899,12,99.9,1899-12-01
1900,1,111.6,1900-01-01
1900,2,146.9,1900-02-01
1900,3,233.8,1900-03-01
1900,4,50.0,1900-04-01
1900,5,101.1,1900-05-01
1900,6,40.8,1900-06-01
1900,7,35.0,1900-07-01
1900,8,86.0,1900-08-01
1900,9,164.0,1900-09-01
1900,10,74.3,1900-10-01
1900,11,474.0,1900-11-01
1900,12,77.2,1900-12-01
1901,1,6.3,1901-01-01
1901,2,85.9,1901-02-01
1901,3,394.0,1901-03-01
1901,4,154.6,1901-04-01
1901,5,106.1,1901-05-01
1901,6,52.7,1901-06-01
1901,7,210.5,1901-07-01
1901,8,38.0,1901-08-01
1901,9,282.5,1901-09-01
1901,10,192.4,1901-10-01
1901,11,86.9,1901-11-01
1901,12,294.1,1901-12-01
1902,1,63.4,1902-01-01
1902,2,238.8,1902-02-01
1902,3,52.1,1902-03-01
1902,4,144.5,1902-04-01
1902,5,119.3,1902-05-01
1902,6,47.6,1902-06-01
1902,7,2.1,1902-07-01
1902,8,24.2,1902-08-01
1902,9,30.0,1902-09-01
1902,10,207.5,1902-10-01
1902,11,422.0,1902-11-01
1902,12,63.8,1902-12-01
1903,1,205.2,1903-01-01
1903,2,107.0,1903-02-01
1903,3,37.7,1903-03-01
1903,4,207.0,1903-04-01
1903,5,121.0,1903-05-01
1903,6,249.8,1903-06-01
1903,7,58.0,1903-07-01
1903,8,9.6,1903-08-01
1903,9,106.0,1903-09-01
1903,10,378.0,1903-10-01
1903,11,149.3,1903-11-01
1903,12,236.7,1903-12-01
1904,1,43.7,1904-01-01
1904,2,188.4,1904-02-01
1904,3,181.4,1904-03-01
1904,4,34.7,1904-04-01
1904,5,4.1,1904-05-01
1904,6,31.1,1904-06-01
1904,7,32.7,1904-07-01
1904,8,68.2,1904-08-01
1904,9,191.7,1904-09-01
1904,10,20.2,1904-10-01
1904,11,66.3,1904-11-01
1904,12,107.4,1904-12-01
1905,1,24.9,1905-01-01
1905,2,80.1,1905-02-01
1905,3,167.2,1905-03-01
1905,4,169.8,1905-04-01
1905,5,189.0,1905-05-01
1905,6,180.0,1905-06-01
1905,7,87.5,1905-07-01
1905,8,110.5,1905-08-01
1905,9,223.0,1905-09-01
1905,10,58.0,1905-10-01
1905,11,355.2,1905-11-01
1905,12,66.0,1905-12-01
1906,1,11.2,1906-01-01
1906,2,79.4,1906-02-01
1906,3,127.3,1906-03-01
1906,4,64.4,1906-04-01
1906,5,83.7,1906-05-01
1906,6,7.5,1906-06-01
1906,7,124.2,1906-07-01
1906,8,0.0,1906-08-01
1906,9,21.9,1906-09-01
1906,10,95.2,1906-10-01
1906,11,195.0,1906-11-01
1906,12,34.8,1906-12-01
1907,1,51.6,1907-01-01
1907,2,24.4,1907-02-01
1907,3,10.1,1907-03-01
1907,4,44.6,1907-04-01
1907,5,53.3,1907-05-01
1907,6,34.9,1907-06-01
1907,7,42.1,1907-07-01
1907,8,19.5,1907-08-01
1907,9,139.8,1907-09-01
1907,10,599.4,1907-10-01
1907,11,91.0,1907-11-01
1907,12,285.7,1907-12-01
1908,1,0.5,1908-01-01
1908,2,3.0,1908-02-01
1908,3,142.3,1908-03-01
1908,4,111.4,1908-04-01
1908,5,62.3,1908-05-01
1908,6,33.8,1908-06-01
1908,7,124.6,1908-07-01
1908,8,48.4,1908-08-01
1908,9,75.3,1908-09-01
1908,10,92.2,1908-10-01
1908,11,47.6,1908-11-01
1908,12,55.1,1908-12-01
1909,1,26.5,1909-01-01
1909,2,112.0,1909-02-01
1909,3,221.1,1909-03-01
1909,4,29.3,1909-04-01
1909,5,53.0,1909-05-01
1909,6,160.0,1909-06-01
1909,7,2.1,1909-07-01
1909,8,49.0,1909-08-01
1909,9,138.7,1909-09-01
1909,10,295.3,1909-10-01
1909,11,41.6,1909-11-01
1909,12,117.9,1909-12-01
1910,1,101.3,1910-01-01
1910,2,105.8,1910-02-01
1910,3,116.9,1910-03-01
1910,4,145.0,1910-04-01
1910,5,71.3,1910-05-01
1910,6,69.9,1910-06-01
1910,7,25.5,1910-07-01
1910,8,102.1,1910-08-01
1910,9,18.9,1910-09-01
1910,10,80.0,1910-10-01
1910,11,154.6,1910-11-01
1910,12,363.8,1910-12-01
1911,1,31.9,1911-01-01
1911,2,69.5,1911-02-01
1911,3,114.6,1911-03-01
1911,4,64.0,1911-04-01
1911,5,67.6,1911-05-01
1911,6,139.5,1911-06-01
1911,7,62.1,1911-07-01
1911,8,82.6,1911-08-01
1911,9,206.1,1911-09-01
1911,10,394.8,1911-10-01
1911,11,284.9,1911-11-01
1911,12,135.3,1911-12-01
1912,1,296.7,1912-01-01
1912,2,147.8,1912-02-01
1912,3,156.4,1912-03-01
1912,4,113.3,1912-04-01
1912,5,54.0,1912-05-01
1912,6,69.8,1912-06-01
1912,7,11.0,1912-07-01
1912,8,33.7,1912-08-01
1912,9,85.7,1912-09-01
1912,10,105.8,1912-10-01
1912,11,78.1,1912-11-01
1912,12,177.6,1912-12-01
1913,1,50.9,1913-01-01
1913,2,18.9,1913-02-01
1913,3,172.5,1913-03-01
1913,4,116.1,1913-04-01
1913,5,32.2,1913-05-01
1913,6,41.0,1913-06-01
1913,7,20.8,1913-07-01
1913,8,52.1,1913-08-01
1913,9,113.2,1913-09-01
1913,10,183.3,1913-10-01
1913,11,92.1,1913-11-01
1913,12,33.2,1913-12-01
1914,1,16.4,1914-01-01
1914,2,269.5,1914-02-01
1914,3,99.5,1914-03-01
1914,4,17.4,1914-04-01
1914,5,148.6,1914-05-01
1914,6,52.5,1914-06-01
1914,7,63.2,1914-07-01
1914,8,97.9,1914-08-01
1914,9,49.5,1914-09-01
1914,10,319.2,1914-10-01
1914,11,42.3,1914-11-01
1914,12,243.3,1914-12-01
1915,1,207.4,1915-01-01
1915,2,282.8,1915-02-01
1915,3,79.2,1915-03-01
1915,4,39.9,1915-04-01
1915,5,151.8,1915-05-01
1915,6,165.7,1915-06-01
1915,7,14.2,1915-07-01
1915,8,13.9,1915-08-01
1915,9,171.4,1915-09-01
1915,10,86.9,1915-10-01
1915,11,107.3,1915-11-01
1915,12,205.8,1915-12-01
1924,1,193.8,1924-01-01
1924,2,123.8,1924-02-01
1924,3,114.2,1924-03-01
1924,4,59.0,1924-04-01
1924,5,29.0,1924-05-01
1924,6,20.7,1924-06-01
1924,7,60.3,1924-07-01
1924,8,87.8,1924-08-01
1924,9,45.1,1924-09-01
1924,10,198.9,1924-10-01
1924,11,188.7,1924-11-01
1924,12,92.0,1924-12-01
1925,1,40.4,1925-01-01
1925,2,191.9,1925-02-01
1925,3,125.1,1925-03-01
1925,4,78.3,1925-04-01
1925,5,39.6,1925-05-01
1925,6,66.6,1925-06-01
1925,7,81.9,1925-07-01
1925,8,94.5,1925-08-01
1925,9,39.1,1925-09-01
1925,10,55.9,1925-10-01
1925,11,121.7,1925-11-01
1925,12,117.9,1925-12-01
1926,1,93.0,1926-01-01
1926,2,251.0,1926-02-01
1926,3,121.6,1926-03-01
1926,4,82.4,1926-04-01
1926,5,150.0,1926-05-01
1926,6,68.6,1926-06-01
1926,7,42.5,1926-07-01
1926,8,42.5,1926-08-01
1926,9,85.8,1926-09-01
1926,10,206.1,1926-10-01
1926,11,733.3,1926-11-01
1926,12,79.0,1926-12-01
1927,1,119.5,1927-01-01
1927,2,104.0,1927-02-01
1927,3,135.8,1927-03-01
1927,4,24.0,1927-04-01
1927,5,48.4,1927-05-01
1927,6,26.3,1927-06-01
1927,7,12.5,1927-07-01
1927,8,0.0,1927-08-01
1927,9,46.1,1927-09-01
1927,10,62.4,1927-10-01
1927,11,396.5,1927-11-01
1927,12,159.3,1927-12-01
1928,1,119.5,1928-01-01
1928,2,0.3,1928-02-01
1928,3,172.7,1928-03-01
1928,4,59.9,1928-04-01
1928,5,27.5,1928-05-01
1928,6,7.6,1928-06-01
1928,7,33.8,1928-07-01
1928,8,29.1,1928-08-01
1928,9,49.2,1928-09-01
1928,10,232.7,1928-10-01
1928,11,175.0,1928-11-01
1928,12,40.9,1928-12-01
1929,1,91.7,1929-01-01
1929,2,12.0,1929-02-01
1929,3,0.1,1929-03-01
1929,4,86.9,1929-04-01
1929,5,109.5,1929-05-01
1929,6,41.8,1929-06-01
1929,7,6.8,1929-07-01
1929,8,140.6,1929-08-01
1929,9,52.2,1929-09-01
1929,10,213.4,1929-10-01
1929,11,137.9,1929-11-01
1929,12,215.9,1929-12-01
1930,1,246.3,1930-01-01
1930,2,104.0,1930-02-01
1930,3,136.5,1930-03-01
1930,4,108.3,1930-04-01
1930,5,105.0,1930-05-01
1930,6,75.3,1930-06-01
1930,7,77.3,1930-07-01
1930,8,41.5,1930-08-01
1930,9,163.9,1930-09-01
1930,10,128.4,1930-10-01
1930,11,17.8,1930-11-01
1930,12,95.1,1930-12-01
1931,1,63.7,1931-01-01
1931,2,100.3,1931-02-01
1931,3,55.9,1931-03-01
1931,4,83.2,1931-04-01
1931,5,229.7,1931-05-01
1931,6,6.6,1931-06-01
1931,7,0.0,1931-07-01
1931,8,80.2,1931-08-01
1931,9,24.4,1931-09-01
1931,10,138.8,1931-10-01
1931,11,304.0,1931-11-01
1931,12,34.6,1931-12-01
1932,1,76.2,1932-01-01
1932,2,17.8,1932-02-01
1932,3,196.6,1932-03-01
1932,4,91.7,1932-04-01
1932,5,69.3,1932-05-01
1932,6,85.8,1932-06-01
1932,7,118.0,1932-07-01
1932,8,6.2,1932-08-01
1932,9,111.6,1932-09-01
1932,10,39.0,1932-10-01
1932,11,74.2,1932-11-01
1932,12,256.4,1932-12-01
1933,1,127.6,1933-01-01
1933,2,63.2,1933-02-01
1933,3,114.8,1933-03-01
1933,4,31.6,1933-04-01
1933,5,58.2,1933-05-01
1933,6,123.4,1933-06-01
1933,7,8.6,1933-07-01
1933,8,49.8,1933-08-01
1933,9,134.0,1933-09-01
1933,10,67.6,1933-10-01
1933,11,246.8,1933-11-01
1933,12,144.6,1933-12-01
1934,1,28.1,1934-01-01
1934,2,34.8,1934-02-01
1934,3,139.1,1934-03-01
1934,4,97.7,1934-04-01
1934,5,78.7,1934-05-01
1934,6,223.3,1934-06-01
1934,7,22.0,1934-07-01
1934,8,64.4,1934-08-01
1934,9,49.5,1934-09-01
1934,10,44.3,1934-10-01
1934,11,431.9,1934-11-01
1934,12,263.2,1934-12-01
1935,1,12.6,1935-01-01
1935,2,99.0,1935-02-01
1935,3,5.2,1935-03-01
1935,4,62.0,1935-04-01
1935,5,62.2,1935-05-01
1935,6,7.2,1935-06-01
1935,7,6.0,1935-07-01
1935,8,159.8,1935-08-01
1935,9,8.4,1935-09-01
1935,10,164.2,1935-10-01
1935,11,408.2,1935-11-01
1935,12,222.0,1935-12-01
1936,1,303.2,1936-01-01
1936,2,145.0,1936-02-01
1936,3,187.0,1936-03-01
1936,4,178.4,1936-04-01
1936,5,99.0,1936-05-01
1936,6,37.8,1936-06-01
1936,7,7.0,1936-07-01
1936,8,28.2,1936-08-01
1936,9,209.0,1936-09-01
1936,10,32.0,1936-10-01
1936,11,150.4,1936-11-01
1936,12,86.2,1936-12-01
1937,1,87.2,1937-01-01
1937,2,76.4,1937-02-01
1937,3,269.4,1937-03-01
1937,4,75.4,1937-04-01
1937,5,115.6,1937-05-01
1937,6,91.6,1937-06-01
1937,7,2.2,1937-07-01
1937,8,25.4,1937-08-01
1937,9,219.0,1937-09-01
1937,10,278.2,1937-10-01
1937,11,112.8,1937-11-01
1937,12,74.6,1937-12-01
1938,1,5.8,1938-01-01
1938,2,6.6,1938-02-01
1938,3,1.0,1938-03-01
1938,4,15.0,1938-04-01
1938,5,120.2,1938-05-01
1938,6,23.2,1938-06-01
1938,7,9.8,1938-07-01
1938,8,66.8,1938-08-01
1938,9,357.4,1938-09-01
1938,10,87.6,1938-10-01
1938,11,74.6,1938-11-01
1938,12,136.2,1938-12-01
1939,1,132.6,1939-01-01
1939,2,281.2,1939-02-01
1939,3,10.6,1939-03-01
1939,4,28.6,1939-04-01
1939,5,100.2,1939-05-01
1939,6,1.8,1939-06-01
1939,7,0.8,1939-07-01
1939,8,181.2,1939-08-01
1939,9,110.4,1939-09-01
1939,10,150.0,1939-10-01
1939,11,60.2,1939-11-01
1939,12,102.2,1939-12-01
1940,1,13.0,1940-01-01
1940,2,46.2,1940-02-01
1940,3,67.6,1940-03-01
1940,4,25.8,1940-04-01
1940,5,122.8,1940-05-01
1940,6,205.0,1940-06-01
1940,7,8.8,1940-07-01
1940,8,11.2,1940-08-01
1940,9,138.0,1940-09-01
1940,10,138.4,1940-10-01
1940,11,136.4,1940-11-01
1940,12,1.2,1940-12-01
1941,1,124.0,1941-01-01
1941,2,140.4,1941-02-01
1941,3,149.2,1941-03-01
1941,4,124.0,1941-04-01
1941,5,62.0,1941-05-01
1941,6,57.2,1941-06-01
1941,7,17.4,1941-07-01
1941,8,6.6,1941-08-01
1941,9,16.6,1941-09-01
1941,10,70.8,1941-10-01
1941,11,233.4,1941-11-01
1941,12,1.6,1941-12-01
1942,1,24.8,1942-01-01
1942,2,63.8,1942-02-01
1942,3,88.6,1942-03-01
1942,4,144.6,1942-04-01
1942,5,180.8,1942-05-01
1942,6,38.0,1942-06-01
1942,7,28.0,1942-07-01
1942,8,32.2,1942-08-01
1942,9,147.8,1942-09-01
1942,10,282.4,1942-10-01
1942,11,53.4,1942-11-01
1942,12,291.8,1942-12-01
1943,1,110.6,1943-01-01
1943,2,55.0,1943-02-01
1943,3,90.8,1943-03-01
1943,4,104.4,1943-04-01
1943,5,99.4,1943-05-01
1943,6,10.4,1943-06-01
1943,7,20.2,1943-07-01
1943,8,34.6,1943-08-01
1943,9,127.4,1943-09-01
1943,10,129.0,1943-10-01
1943,11,122.2,1943-11-01
1943,12,162.4,1943-12-01
1944,1,1.6,1944-01-01
1944,2,73.8,1944-02-01
1944,3,21.6,1944-03-01
1944,4,53.2,1944-04-01
1944,5,20.4,1944-05-01
1944,6,60.6,1944-06-01
1944,7,4.6,1944-07-01
1944,8,42.8,1944-08-01
1944,9,40.8,1944-09-01
1944,10,348.6,1944-10-01
1944,11,20.8,1944-11-01
1944,12,34.4,1944-12-01
1945,1,65.8,1945-01-01
1945,2,7.4,1945-02-01
1945,3,65.2,1945-03-01
1945,4,23.4,1945-04-01
1945,5,77.6,1945-05-01
1945,6,0.0,1945-06-01
1945,7,4.2,1945-07-01
1945,8,123.2,1945-08-01
1945,9,23.2,1945-09-01
1945,10,351.0,1945-10-01
1945,11,208.6,1945-11-01
1945,12,178.2,1945-12-01
1946,1,69.4,1946-01-01
1946,2,20.4,1946-02-01
1946,3,177.6,1946-03-01
1946,4,80.6,1946-04-01
1946,5,183.6,1946-05-01
1946,6,37.6,1946-06-01
1946,7,34.4,1946-07-01
1946,8,50.4,1946-08-01
1946,9,52.2,1946-09-01
1946,10,61.6,1946-10-01
1946,11,177.4,1946-11-01
1946,12,39.0,1946-12-01
1947,1,22.0,1947-01-01
1947,2,251.2,1947-02-01
1947,3,156.2,1947-03-01
1947,4,52.6,1947-04-01
1947,5,52.6,1947-05-01
1947,6,23.0,1947-06-01
1947,7,4.8,1947-07-01
1947,8,66.8,1947-08-01
1947,9,227.4,1947-09-01
1947,10,351.6,1947-10-01
1947,11,122.8,1947-11-01
1947,12,132.0,1947-12-01
1948,1,258.6,1948-01-01
1948,2,22.6,1948-02-01
1948,3,0.0,1948-03-01
1948,4,135.8,1948-04-01
1948,5,290.8,1948-05-01
1948,6,25.2,1948-06-01
1948,7,44.4,1948-07-01
1948,8,67.2,1948-08-01
1948,9,110.8,1948-09-01
1948,10,233.0,1948-10-01
1948,11,2.6,1948-11-01
1948,12,97.4,1948-12-01
1949,1,130.6,1949-01-01
1949,2,24.8,1949-02-01
1949,3,63.8,1949-03-01
1949,4,168.4,1949-04-01
1949,5,71.0,1949-05-01
1949,6,97.8,1949-06-01
1949,7,51.6,1949-07-01
1949,8,15.8,1949-08-01
1949,9,35.4,1949-09-01
1949,10,138.8,1949-10-01
1949,11,361.6,1949-11-01
1949,12,91.4,1949-12-01
1950,1,20.4,1950-01-01
1950,2,203.6,1950-02-01
1950,3,25.6,1950-03-01
1950,4,166.0,1950-04-01
1950,5,54.0,1950-05-01
1950,6,6.2,1950-06-01
1950,7,0.0,1950-07-01
1950,8,44.6,1950-08-01
1950,9,11.6,1950-09-01
1950,10,68.0,1950-10-01
1950,11,179.2,1950-11-01
1950,12,180.2,1950-12-01
1951,1,303.34999999999997,1951-01-01
1951,2,223.48333333333335,1951-02-01
1951,3,186.9333333333333,1951-03-01
1951,4,55.1,1951-04-01
1951,5,150.41666666666666,1951-05-01
1951,6,23.066666666666666,1951-06-01
1951,7,90.85000000000001,1951-07-01
1951,8,34.63333333333333,1951-08-01
1951,9,117.48333333333333,1951-09-01
1951,10,219.58333333333334,1951-10-01
1951,11,566.8833333333333,1951-11-01
1951,12,78.89999999999999,1951-12-01
1952,1,60.06,1952-01-01
1952,2,18.583333333333332,1952-02-01
1952,3,46.1,1952-03-01
1952,4,91.85000000000001,1952-04-01
1952,5,111.60000000000001,1952-05-01
1952,6,9.183333333333334,1952-06-01
1952,7,96.60000000000001,1952-07-01
1952,8,38.983333333333334,1952-08-01
1952,9,159.01666666666668,1952-09-01
1952,10,159.86666666666667,1952-10-01
1952,11,70.5,1952-11-01
1952,12,82.6,1952-12-01
1953,1,21.566666666666666,1953-01-01
1953,2,7.166666666666667,1953-02-01
1953,3,4.866666666666666,1953-03-01
1953,4,48.449999999999996,1953-04-01
1953,5,31.75,1953-05-01
1953,6,96.10000000000001,1953-06-01
1953,7,43.46666666666667,1953-07-01
1953,8,68.33333333333333,1953-08-01
1953,9,463.03999999999996,1953-09-01
1953,10,264.2,1953-10-01
1953,11,27.0,1953-11-01
1953,12,215.23333333333335,1953-12-01
1954,1,47.93333333333334,1954-01-01
1954,2,87.96666666666665,1954-02-01
1954,3,122.60000000000001,1954-03-01
1954,4,93.96666666666665,1954-04-01
1954,5,303.75,1954-05-01
1954,6,51.98333333333334,1954-06-01
1954,7,32.800000000000004,1954-07-01
1954,8,153.0,1954-08-01
1954,9,24.400000000000002,1954-09-01
1954,10,156.35,1954-10-01
1954,11,256.4166666666667,1954-11-01
1954,12,152.54999999999998,1954-12-01
1955,1,242.21666666666667,1955-01-01
1955,2,169.68333333333334,1955-02-01
1955,3,65.56666666666666,1955-03-01
1955,4,0.26666666666666666,1955-04-01
1955,5,30.13333333333333,1955-05-01
1955,6,50.199999999999996,1955-06-01
1955,7,57.666666666666664,1955-07-01
1955,8,64.14999999999999,1955-08-01
1955,9,20.233333333333334,1955-09-01
1955,10,68.10000000000001,1955-10-01
1955,11,142.13333333333335,1955-11-01
1955,12,143.86666666666665,1955-12-01
1956,1,156.95,1956-01-01
1956,2,17.8,1956-02-01
1956,3,188.0,1956-03-01
1956,4,132.4333333333333,1956-04-01
1956,5,52.88333333333333,1956-05-01
1956,6,84.06666666666666,1956-06-01
1956,7,13.266666666666666,1956-07-01
1956,8,3.716666666666667,1956-08-01
1956,9,72.2,1956-09-01
1956,10,68.39999999999999,1956-10-01
1956,11,83.0,1956-11-01
1956,12,20.516666666666666,1956-12-01
1957,1,54.260000000000005,1957-01-01
1957,2,127.88,1957-02-01
1957,3,42.56,1957-03-01
1957,4,197.24,1957-04-01
1957,5,126.42,1957-05-01
1957,6,71.44,1957-06-01
1957,7,17.240000000000002,1957-07-01
1957,8,8.120000000000001,1957-08-01
1957,9,19.44,1957-09-01
1957,10,121.2,1957-10-01
1957,11,297.04,1957-11-01
1957,12,226.8,1957-12-01
1958,1,18.36,1958-01-01
1958,2,71.52000000000001,1958-02-01
1958,3,92.12,1958-03-01
1958,4,139.35999999999999,1958-04-01
1958,5,10.0,1958-05-01
1958,6,65.2,1958-06-01
1958,7,31.679999999999996,1958-07-01
1958,8,47.06,1958-08-01
1958,9,45.839999999999996,1958-09-01
1958,10,212.38000000000002,1958-10-01
1958,11,117.85999999999999,1958-11-01
1958,12,297.2,1958-12-01
1959,1,43.68,1959-01-01
1959,2,22.919999999999998,1959-02-01
1959,3,75.0,1959-03-01
1959,4,129.64000000000001,1959-04-01
1959,5,114.52000000000001,1959-05-01
1959,6,24.580000000000002,1959-06-01
1959,7,5.56,1959-07-01
1959,8,74.08,1959-08-01
1959,9,71.28,1959-09-01
1959,10,444.03999999999996,1959-10-01
1959,11,229.04000000000002,1959-11-01
1959,12,417.58000000000004,1959-12-01
1960,1,109.47999999999999,1960-01-01
1960,2,126.8,1960-02-01
1960,3,154.48,1960-03-01
1960,4,23.34,1960-04-01
1960,5,24.12,1960-05-01
1960,6,112.28,1960-06-01
1960,7,145.3,1960-07-01
1960,8,69.66,1960-08-01
1960,9,139.57999999999998,1960-09-01
1960,10,382.08000000000004,1960-10-01
1960,11,345.86,1960-11-01
1960,12,210.66,1960-12-01
1961,1,139.56,1961-01-01
1961,2,30.32,1961-02-01
1961,3,14.52,1961-03-01
1961,4,214.51999999999998,1961-04-01
1961,5,41.18,1961-05-01
1961,6,49.16,1961-06-01
1961,7,35.28,1961-07-01
1961,8,19.119999999999997,1961-08-01
1961,9,203.74,1961-09-01
1961,10,206.21999999999997,1961-10-01
1961,11,382.6666666666667,1961-11-01
1961,12,133.26,1961-12-01
1962,1,63.11999999999999,1962-01-01
1962,2,55.36,1962-02-01
1962,3,161.72,1962-03-01
1962,4,176.64000000000001,1962-04-01
1962,5,87.96000000000001,1962-05-01
1962,6,36.519999999999996,1962-06-01
1962,7,9.76,1962-07-01
1962,8,1.1199999999999999,1962-08-01
1962,9,35.96,1962-09-01
1962,10,147.2,1962-10-01
1962,11,189.35999999999999,1962-11-01
1962,12,43.72,1962-12-01
1963,1,155.7,1963-01-01
1963,2,149.51999999999998,1963-02-01
1963,3,153.62,1963-03-01
1963,4,154.54000000000002,1963-04-01
1963,5,46.32,1963-05-01
1963,6,190.16,1963-06-01
1963,7,33.08,1963-07-01
1963,8,59.08,1963-08-01
1963,9,258.64,1963-09-01
1963,10,103.2,1963-10-01
1963,11,326.58000000000004,1963-11-01
1963,12,113.96,1963-12-01
1964,1,67.16,1964-01-01
1964,2,261.4,1964-02-01
1964,3,251.56,1964-03-01
1964,4,109.54,1964-04-01
1964,5,40.06,1964-05-01
1964,6,48.66,1964-06-01
1964,7,39.266666666666666,1964-07-01
1964,8,7.719999999999999,1964-08-01
1964,9,93.6,1964-09-01
1964,10,210.88000000000002,1964-10-01
1964,11,35.160000000000004,1964-11-01
1964,12,124.08,1964-12-01
1965,1,114.3,1965-01-01
1965,2,17.02,1965-02-01
1965,3,136.62,1965-03-01
1965,4,1.8800000000000001,1965-04-01
1965,5,43.94,1965-05-01
1965,6,54.06,1965-06-01
1965,7,40.12,1965-07-01
1965,8,90.58,1965-08-01
1965,9,210.7,1965-09-01
1965,10,154.24,1965-10-01
1965,11,120.16,1965-11-01
1965,12,60.52,1965-12-01
1966,1,66.58,1966-01-01
1966,2,190.14000000000001,1966-02-01
1966,3,18.56,1966-03-01
1966,4,208.56,1966-04-01
1966,5,49.739999999999995,1966-05-01
1966,6,31.22,1966-06-01
1966,7,50.88,1966-07-01
1966,8,83.12,1966-08-01
1966,9,129.57999999999998,1966-09-01
1966,10,309.56000000000006,1966-10-01
1966,11,164.3,1966-11-01
1966,12,53.120000000000005,1966-12-01
1967,1,33.339999999999996,1967-01-01
1967,2,79.92,1967-02-01
1967,3,47.8,1967-03-01
1967,4,65.92,1967-04-01
1967,5,41.82,1967-05-01
1967,6,53.67999999999999,1967-06-01
1967,7,18.32,1967-07-01
1967,8,54.08,1967-08-01
1967,9,140.44,1967-09-01
1967,10,98.35999999999999,1967-10-01
1967,11,286.56,1967-11-01
1967,12,48.94,1967-12-01
1968,1,9.04,1968-01-01
1968,2,318.6,1968-02-01
1968,3,55.08,1968-03-01
1968,4,64.96,1968-04-01
1968,5,70.38,1968-05-01
1968,6,54.720000000000006,1968-06-01
1968,7,55.160000000000004,1968-07-01
1968,8,80.56,1968-08-01
1968,9,78.08,1968-09-01
1968,10,75.6,1968-10-01
1968,11,169.4,1968-11-01
1968,12,84.64000000000001,1968-12-01
1969,1,156.76,1969-01-01
1969,2,117.75999999999999,1969-02-01
1969,3,103.67999999999999,1969-03-01
1969,4,80.64,1969-04-01
1969,5,64.52000000000001,1969-05-01
1969,6,34.56,1969-06-01
1969,7,28.160000000000004,1969-07-01
1969,8,32.88,1969-08-01
1969,9,226.24,1969-09-01
1969,10,0.0,1969-10-01
1969,11,77.42,1969-11-01
1969,12,33.72,1969-12-01
1970,1,359.38,1970-01-01
1970,2,39.1,1970-02-01
1970,3,118.25999999999999,1970-03-01
1970,4,19.740000000000002,1970-04-01
1970,5,137.6,1970-05-01
1970,6,51.52,1970-06-01
1970,7,12.36,1970-07-01
1970,8,99.78,1970-08-01
1970,9,7.019999999999999,1970-09-01
1970,10,319.02,1970-10-01
1970,11,166.2,1970-11-01
1970,12,77.84,1970-12-01
1971,1,255.32,1971-01-01
1971,2,92.35999999999999,1971-02-01
1971,3,133.71999999999997,1971-03-01
1971,4,127.8,1971-04-01
1971,5,159.52,1971-05-01
1971,6,100.06,1971-06-01
1971,7,11.24,1971-07-01
1971,8,61.8,1971-08-01
1971,9,30.28,1971-09-01
1971,10,52.96,1971-10-01
1971,11,172.85999999999999,1971-11-01
1971,12,113.47999999999999,1971-12-01
1972,1,178.22,1972-01-01
1972,2,292.7,1972-02-01
1972,3,162.68,1972-03-01
1972,4,101.8,1972-04-01
1972,5,77.03999999999999,1972-05-01
1972,6,69.12,1972-06-01
1972,7,22.175,1972-07-01
1972,8,30.939999999999998,1972-08-01
1972,9,179.52,1972-09-01
1972,10,316.08000000000004,1972-10-01
1972,11,231.26,1972-11-01
1972,12,184.18,1972-12-01
1973,1,89.22,1973-01-01
1973,2,21.36,1973-02-01
1973,3,21.240000000000002,1973-03-01
1973,4,47.44,1973-04-01
1973,5,28.32,1973-05-01
1973,6,115.04,1973-06-01
1973,7,55.32000000000001,1973-07-01
1973,8,46.239999999999995,1973-08-01
1973,9,103.78,1973-09-01
1973,10,101.08,1973-10-01
1973,11,45.92,1973-11-01
1973,12,173.44,1973-12-01
1974,1,170.92000000000002,1974-01-01
1974,2,228.14000000000001,1974-02-01
1974,3,84.84,1974-03-01
1974,4,197.54000000000002,1974-04-01
1974,5,41.22,1974-05-01
1974,6,46.339999999999996,1974-06-01
1974,7,25.56,1974-07-01
1974,8,27.02,1974-08-01
1974,9,95.22,1974-09-01
1974,10,45.6,1974-10-01
1974,11,136.78000000000003,1974-11-01
1974,12,41.04,1974-12-01
1975,1,213.11999999999998,1975-01-01
1975,2,112.28,1975-02-01
1975,3,180.2,1975-03-01
1975,4,27.24,1975-04-01
1975,5,158.66,1975-05-01
1975,6,28.419999999999998,1975-06-01
1975,7,1.4,1975-07-01
1975,8,133.95999999999998,1975-08-01
1975,9,79.92,1975-09-01
1975,10,76.5,1975-10-01
1975,11,306.46,1975-11-01
1975,12,107.85999999999999,1975-12-01
1976,1,40.9,1976-01-01
1976,2,46.04,1976-02-01
1976,3,46.839999999999996,1976-03-01
1976,4,42.519999999999996,1976-04-01
1976,5,44.440000000000005,1976-05-01
1976,6,2.4,1976-06-01
1976,7,28.52,1976-07-01
1976,8,184.16,1976-08-01
1976,9,178.64000000000001,1976-09-01
1976,10,434.84,1976-10-01
1976,11,144.92,1976-11-01
1976,12,157.56,1976-12-01
1977,1,404.5333333333333,1977-01-01
1977,2,131.66666666666666,1977-02-01
1977,3,150.79999999999998,1977-03-01
1977,4,69.73333333333333,1977-04-01
1977,5,141.79999999999998,1977-05-01
1977,6,21.2,1977-06-01
1977,7,33.4,1977-07-01
1977,8,207.5666666666667,1977-08-01
1977,9,37.6,1977-09-01
1977,10,446.0,1977-10-01
1977,11,173.46666666666667,1977-11-01
1977,12,263.1333333333334,1977-12-01
1978,1,301.91999999999996,1978-01-01
1978,2,130.04000000000002,1978-02-01
1978,3,102.74000000000001,1978-03-01
1978,4,87.44,1978-04-01
1978,5,110.80000000000001,1978-05-01
1978,6,74.43333333333334,1978-06-01
1978,7,69.10000000000001,1978-07-01
1978,8,15.866666666666667,1978-08-01
1978,9,8.82,1978-09-01
1978,10,33.58,1978-10-01
1978,11,31.52,1978-11-01
1978,12,217.29999999999998,1978-12-01
1979,1,193.73333333333335,1979-01-01
1979,2,105.94999999999999,1979-02-01
1979,3,215.96666666666667,1979-03-01
1979,4,113.2,1979-04-01
1979,5,5.833333333333333,1979-05-01
1979,6,66.66666666666667,1979-06-01
1979,7,36.6,1979-07-01
1979,8,62.666666666666664,1979-08-01
1979,9,185.8,1979-09-01
1979,10,570.6,1979-10-01
1979,11,103.13333333333333,1979-11-01
1979,12,210.9333333333333,1979-12-01
1980,1,113.60000000000001,1980-01-01
1980,2,47.21666666666667,1980-02-01
1980,3,184.21666666666667,1980-03-01
1980,4,28.46666666666667,1980-04-01
1980,5,105.13333333333333,1980-05-01
1980,6,142.25,1980-06-01
1980,7,14.3,1980-07-01
1980,8,92.85,1980-08-01
1980,9,10.2,1980-09-01
1980,10,210.11999999999998,1980-10-01
1980,11,125.75,1980-11-01
1980,12,39.2,1980-12-01
1981,1,7.6,1981-01-01
1981,2,13.55,1981-02-01
1981,3,100.4,1981-03-01
1981,4,62.9,1981-04-01
1981,5,96.44999999999999,1981-05-01
1981,6,56.3,1981-06-01
1981,7,66.9,1981-07-01
1981,8,84.15,1981-08-01
1981,9,173.3,1981-09-01
1981,10,347.75,1981-10-01
1981,11,1.3,1981-11-01
1981,12,232.3,1981-12-01
1982,1,39.6,1982-01-01
1982,2,53.666666666666664,1982-02-01
1982,3,132.06666666666666,1982-03-01
1982,4,56.699999999999996,1982-04-01
1982,5,83.36666666666666,1982-05-01
1982,6,22.666666666666668,1982-06-01
1982,7,5.7,1982-07-01
1982,8,23.066666666666666,1982-08-01
1982,9,38.53333333333334,1982-09-01
1982,10,329.7,1982-10-01
1982,11,237.86666666666667,1982-11-01
1982,12,65.66666666666667,1982-12-01
1983,1,7.2,1983-01-01
1983,2,48.85,1983-02-01
1983,3,262.15,1983-03-01
1983,4,107.725,1983-04-01
1983,5,86.575,1983-05-01
1983,6,58.05,1983-06-01
1983,7,6.5,1983-07-01
1983,8,41.75,1983-08-01
1983,9,51.925,1983-09-01
1983,10,87.65,1983-10-01
1983,11,12.100000000000001,1983-11-01
1983,12,309.59999999999997,1983-12-01
1984,1,82.26666666666667,1984-01-01
1984,2,59.4,1984-02-01
1984,3,94.33333333333333,1984-03-01
1984,4,75.56666666666666,1984-04-01
1984,5,242.4333333333333,1984-05-01
1984,6,89.56666666666666,1984-06-01
1984,7,0.0,1984-07-01
1984,8,248.0666666666667,1984-08-01
1984,9,98.96666666666665,1984-09-01
1984,10,118.33333333333333,1984-10-01
1984,11,293.7,1984-11-01
1984,12,144.4,1984-12-01
1985,1,138.8,1985-01-01
1985,2,42.5,1985-02-01
1985,3,243.73333333333335,1985-03-01
1985,4,26.400000000000002,1985-04-01
1985,5,156.6,1985-05-01
1985,6,68.46666666666667,1985-06-01
1985,7,0.39999999999999997,1985-07-01
1985,8,33.4,1985-08-01
1985,9,18.866666666666667,1985-09-01
1985,10,9.8,1985-10-01
1985,11,81.06666666666666,1985-11-01
1985,12,167.53333333333333,1985-12-01
1986,1,217.10000000000002,1986-01-01
1986,2,102.2,1986-02-01
1986,3,56.6,1986-03-01
1986,4,251.8,1986-04-01
1986,5,25.2,1986-05-01
1986,6,61.2,1986-06-01
1986,7,50.6,1986-07-01
1986,8,28.75,1986-08-01
1986,9,99.4,1986-09-01
1986,10,44.0,1986-10-01
1986,11,207.7,1986-11-01
1986,12,60.4,1986-12-01
1987,1,66.5,1987-01-01
1987,2,183.1,1987-02-01
1987,3,26.8,1987-03-01
1987,4,127.6,1987-04-01
1987,5,68.5,1987-05-01
1987,6,30.700000000000003,1987-06-01
1987,7,172.2,1987-07-01
1987,8,63.7,1987-08-01
1987,9,80.30000000000001,1987-09-01
1987,10,300.5,1987-10-01
1987,11,142.2,1987-11-01
1987,12,63.099999999999994,1987-12-01
1988,1,302.9,1988-01-01
1988,2,72.80000000000001,1988-02-01
1988,3,89.5,1988-03-01
1988,4,130.1,1988-04-01
1988,5,206.6,1988-05-01
1988,6,69.1,1988-06-01
1988,7,5.0,1988-07-01
1988,8,39.5,1988-08-01
1988,9,18.9,1988-09-01
1988,10,137.5,1988-10-01
1988,11,0.45,1988-11-01
1988,12,87.6,1988-12-01
1989,1,20.1,1989-01-01
1989,2,109.7,1989-02-01
1989,3,53.3,1989-03-01
1989,4,286.2,1989-04-01
1989,5,8.2,1989-05-01
1989,6,45.3,1989-06-01
1989,7,34.5,1989-07-01
1989,8,101.5,1989-08-01
1989,9,83.1,1989-09-01
1989,10,51.2,1989-10-01
1989,11,65.0,1989-11-01
1989,12,18.4,1989-12-01
1990,1,37.3,1990-01-01
1990,2,29.4,1990-02-01
1990,3,12.5,1990-03-01
1990,4,281.2,1990-04-01
1990,5,18.0,1990-05-01
1990,6,12.0,1990-06-01
1990,7,5.2,1990-07-01
1990,8,120.3,1990-08-01
1990,9,32.1,1990-09-01
1990,10,562.8,1990-10-01
1990,11,126.7,1990-11-01
1990,12,174.8,1990-12-01
1991,1,104.0,1991-01-01
1991,2,27.4,1991-02-01
1991,3,113.8,1991-03-01
1991,4,29.4,1991-04-01
1991,5,79.9,1991-05-01
1991,6,35.1,1991-06-01
1991,7,39.9,1991-07-01
1991,8,62.5,1991-08-01
1991,9,418.5,1991-09-01
1991,10,259.29999999999995,1991-10-01
1991,11,95.19999999999999,1991-11-01
1991,12,0.0,1991-12-01
1992,1,61.599999999999994,1992-01-01
1992,2,55.1,1992-02-01
1992,3,36.8,1992-03-01
1992,4,142.60000000000002,1992-04-01
1992,5,36.1,1992-05-01
1992,6,183.60000000000002,1992-06-01
1992,7,76.3,1992-07-01
1992,8,99.19999999999999,1992-08-01
1992,9,509.90000000000003,1992-09-01
1992,10,320.6,1992-10-01
1992,11,88.0,1992-11-01
1992,12,109.9,1992-12-01
1993,1,11.9,1993-01-01
1993,2,12.100000000000001,1993-02-01
1993,3,51.7,1993-03-01
1993,4,96.4,1993-04-01
1993,5,39.0,1993-05-01
1993,6,29.6,1993-06-01
1993,7,39.099999999999994,1993-07-01
1993,8,27.4,1993-08-01
1993,9,476.1,1993-09-01
1993,10,282.5,1993-10-01
1993,11,81.5,1993-11-01
1993,12,49.599999999999994,1993-12-01
1994,1,150.2,1994-01-01
1994,2,71.6,1994-02-01
1994,3,21.066666666666666,1994-03-01
1994,4,44.199999999999996,1994-04-01
1994,5,53.13333333333333,1994-05-01
1994,6,64.2,1994-06-01
1994,7,19.2,1994-07-01
1994,8,27.733333333333334,1994-08-01
1994,9,390.2,1994-09-01
1994,10,162.9333333333333,1994-10-01
1994,11,275.95,1994-11-01
1994,12,55.2,1994-12-01
1995,1,63.099999999999994,1995-01-01
1995,2,43.2,1995-02-01
1995,3,34.46666666666667,1995-03-01
1995,4,82.13333333333334,1995-04-01
1995,5,118.2,1995-05-01
1995,6,45.199999999999996,1995-06-01
1995,7,3.1999999999999997,1995-07-01
1995,8,48.0,1995-08-01
1995,9,181.26666666666665,1995-09-01
1995,10,277.73333333333335,1995-10-01
1995,11,330.73333333333335,1995-11-01
1995,12,61.26666666666667,1995-12-01
1996,1,348.25,1996-01-01
1996,2,33.4,1996-02-01
1996,3,17.95,1996-03-01
1996,4,112.7,1996-04-01
1996,5,75.5,1996-05-01
1996,6,66.35,1996-06-01
1996,7,22.7,1996-07-01
1996,8,136.46666666666667,1996-08-01
1996,9,78.2,1996-09-01
1996,10,216.26666666666665,1996-10-01
1996,11,135.65,1996-11-01
1996,12,171.95,1996-12-01
1997,1,139.93333333333334,1997-01-01
1997,2,24.3,1997-02-01
1997,3,1.95,1997-03-01
1997,4,63.6,1997-04-01
1997,5,41.55,1997-05-01
1997,6,157.7,1997-06-01
1997,7,15.933333333333332,1997-07-01
1997,8,157.05,1997-08-01
1997,9,37.300000000000004,1997-09-01
1997,10,205.15,1997-10-01
1997,11,276.05,1997-11-01
1997,12,184.55,1997-12-01
1998,1,142.53333333333333,1998-01-01
1998,2,35.8,1998-02-01
1998,3,11.7,1998-03-01
1998,4,130.4,1998-04-01
1998,5,133.15,1998-05-01
1998,6,25.4,1998-06-01
1998,7,13.299999999999999,1998-07-01
1998,8,35.1,1998-08-01
1998,9,127.80000000000001,1998-09-01
1998,10,256.95,1998-10-01
1998,11,30.4,1998-11-01
1998,12,50.5,1998-12-01
1999,1,172.66666666666666,1999-01-01
1999,2,1.2666666666666668,1999-02-01
1999,3,142.13333333333333,1999-03-01
1999,4,49.86666666666667,1999-04-01
1999,5,17.95,1999-05-01
1999,6,30.299999999999997,1999-06-01
1999,7,58.7,1999-07-01
1999,8,68.39999999999999,1999-08-01
1999,9,132.33333333333334,1999-09-01
1999,10,305.1,1999-10-01
1999,11,110.1,1999-11-01
1999,12,49.9,1999-12-01
2000,1,8.200000000000001,2000-01-01
2000,2,13.066666666666668,2000-02-01
2000,3,94.06666666666666,2000-03-01
2000,4,172.86666666666667,2000-04-01
2000,5,23.3,2000-05-01
2000,6,32.8,2000-06-01
2000,7,40.7,2000-07-01
2000,8,133.0,2000-08-01
2000,9,47.46666666666667,2000-09-01
2000,10,239.3,2000-10-01
2000,11,452.0,2000-11-01
2000,12,177.86666666666667,2000-12-01
2001,1,213.0,2001-01-01
2001,2,45.6,2001-02-01
2001,3,222.5,2001-03-01
2001,4,44.6,2001-04-01
2001,5,99.4,2001-05-01
2001,6,15.7,2001-06-01
2001,7,12.4,2001-07-01
2001,8,49.2,2001-08-01
2001,9,122.9,2001-09-01
2001,10,121.5,2001-10-01
2001,11,37.2,2001-11-01
2001,12,0.8,2001-12-01
2002,1,78.13333333333334,2002-01-01
2002,2,151.8,2002-02-01
2002,3,26.266666666666666,2002-03-01
2002,4,70.33333333333333,2002-04-01
2002,5,135.20000000000002,2002-05-01
2002,6,66.8,2002-06-01
2002,7,83.2,2002-07-01
2002,8,104.2,2002-08-01
2002,9,197.9,2002-09-01
2002,10,140.0666666666667,2002-10-01
2002,11,534.0,2002-11-01
2002,12,55.2,2002-12-01
2004,6,3.8,2004-06-01
2004,7,3.0,2004-07-01
2004,8,53.6,2004-08-01
2004,9,27.2,2004-09-01
2004,10,93.6,2004-10-01
2004,11,126.0,2004-11-01
2004,12,103.8,2004-12-01
2005,1,1.4,2005-01-01
2005,2,20.6,2005-02-01
2005,3,33.8,2005-03-01
2005,4,79.2,2005-04-01
2005,5,61.8,2005-05-01
2005,6,10.2,2005-06-01
2005,7,51.4,2005-07-01
2005,8,116.2,2005-08-01
2005,10,64.6,2005-10-01
2005,11,146.8,2005-11-01
2005,12,108.2,2005-12-01
2006,1,27.8,2006-01-01
2006,2,67.6,2006-02-01
2006,3,70.2,2006-03-01
2006,4,10.0,2006-04-01
2006,5,13.4,2006-05-01
2006,6,2.0,2006-06-01
2006,7,53.0,2006-07-01
2006,8,176.2,2006-08-01
2006,9,203.4,2006-09-01
2006,10,32.4,2006-10-01
2006,11,107.8,2006-11-01
2006,12,138.0,2006-12-01
2007,1,14.8,2007-01-01
2007,2,59.8,2007-02-01
2007,3,17.4,2007-03-01
2007,4,9.6,2007-04-01
2007,6,71.6,2007-06-01
2007,7,2.0,2007-07-01
2007,8,55.6,2007-08-01
2007,9,42.0,2007-09-01
2007,10,32.0,2007-10-01
2007,11,111.4,2007-11-01
2007,12,9.4,2007-12-01
2008,1,140.8,2008-01-01
2008,2,40.8,2008-02-01
2008,3,45.8,2008-03-01
2008,4,151.9,2008-04-01
2008,5,87.0,2008-05-01
2008,6,128.4,2008-06-01
2008,7,4.8,2008-07-01
2008,8,9.0,2008-08-01
2008,9,132.9,2008-09-01
2008,10,199.0,2008-10-01
2008,11,309.7,2008-11-01
2008,12,176.1,2008-12-01
2009,1,118.1,2009-01-01
2009,2,111.4,2009-02-01
2009,3,149.4,2009-03-01
2009,4,231.8,2009-04-01
2009,5,1.8,2009-05-01
2009,6,11.8,2009-06-01
2009,7,7.4,2009-07-01
2009,8,28.5,2009-08-01
2009,9,123.5,2009-09-01
2009,10,80.5,2009-10-01
2009,11,312.9,2009-11-01
2009,12,167.8,2009-12-01
2010,1,92.33333333333333,2010-01-01
2010,2,178.6,2010-02-01
2010,3,65.06666666666666,2010-03-01
2010,4,40.0,2010-04-01
2010,5,115.46666666666665,2010-05-01
2010,6,88.2,2010-06-01
2010,7,24.933333333333334,2010-07-01
2010,8,122.2,2010-08-01
2010,9,214.20000000000002,2010-09-01
2010,10,414.6666666666667,2010-10-01
2010,11,176.73333333333335,2010-11-01
2010,12,201.33333333333334,2010-12-01
2011,1,66.66666666666667,2011-01-01
2011,2,99.39999999999999,2011-02-01
2011,3,140.7,2011-03-01
2011,4,13.933333333333335,2011-04-01
2011,5,5.466666666666666,2011-05-01
2011,6,153.26666666666668,2011-06-01
2011,7,129.46666666666667,2011-07-01
2011,8,6.733333333333333,2011-08-01
2011,9,57.199999999999996,2011-09-01
2011,10,52.4,2011-10-01
2011,11,295.06666666666666,2011-11-01
2011,12,17.0,2011-12-01
2013,1,150.33333333333334,2013-01-01
2013,2,20.8,2013-02-01
2013,3,266.59999999999997,2013-03-01
2013,4,113.46666666666665,2013-04-01
2013,5,161.46666666666667,2013-05-01
2013,6,26.399999999999995,2013-06-01
2013,7,29.46666666666667,2013-07-01
2013,8,92.13333333333334,2013-08-01
2013,9,110.33333333333333,2013-09-01
2013,10,112.93333333333334,2013-10-01
2013,11,121.8,2013-11-01
2013,12,251.53333333333333,2013-12-01
2014,1,324.26666666666665,2014-01-01
2014,2,273.4666666666667,2014-02-01
2014,3,94.33333333333333,2014-03-01
2014,4,77.60000000000001,2014-04-01
2014,5,50.79999999999999,2014-05-01
2014,6,28.866666666666664,2014-06-01
2014,7,29.933333333333334,2014-07-01
2014,8,89.7,2014-08-01
2014,9,30.200000000000003,2014-09-01
2014,10,503.2,2014-10-01
2014,11,626.5333333333333,2014-11-01
2014,12,158.13333333333333,2014-12-01
2015,1,57.13333333333333,2015-01-01
2015,2,120.46666666666668,2015-02-01
2015,3,40.6,2015-03-01
2015,4,55.13333333333333,2015-04-01
2015,5,27.333333333333332,2015-05-01
2015,6,38.46666666666667,2015-06-01
2015,7,2.6666666666666665,2015-07-01
2015,8,111.93333333333332,2015-08-01
2015,9,204.79999999999998,2015-09-01
2015,10,117.8,2015-10-01
2015,11,14.133333333333333,2015-11-01
2015,12,51.06666666666666,2015-12-01
2016,1,23.400000000000002,2016-01-01
2016,2,223.86666666666667,2016-02-01
2016,3,104.26666666666665,2016-03-01
2016,4,17.866666666666667,2016-04-01
2016,5,97.13333333333333,2016-05-01
2016,6,73.2,2016-06-01
2016,7,25.133333333333336,2016-07-01
2016,8,26.46666666666667,2016-08-01
2016,9,92.66666666666667,2016-09-01
2016,10,85.33333333333333,2016-10-01
2016,11,165.66666666666666,2016-11-01
2016,12,28.400000000000002,2016-12-01
2017,1,14.6,2017-01-01
2017,2,70.93333333333334,2017-02-01
2017,3,35.199999999999996,2017-03-01
2017,4,32.4,2017-04-01
2017,5,57.73333333333334,2017-05-01
2017,6,5.533333333333334,2017-06-01
2017,7,71.46666666666665,2017-07-01
2017,8,4.933333333333333,2017-08-01
2017,9,52.4,2017-09-01
2017,10,3.1333333333333333,2017-10-01
2017,11,115.73333333333333,2017-11-01
2017,12,175.6,2017-12-01
2018,1,85.0,2018-01-01
2018,2,46.199999999999996,2018-02-01
2018,3,277.26666666666665,2018-03-01
2018,4,112.33333333333333,2018-04-01
2018,5,84.86666666666666,2018-05-01
2018,6,61.06666666666666,2018-06-01
2018,7,46.26666666666667,2018-07-01
2018,8,158.79999999999998,2018-08-01
2018,9,7.933333333333334,2018-09-01
2018,10,322.93333333333334,2018-10-01
2018,11,270.6666666666667,2018-11-01
2018,12,64.66666666666667,2018-12-01
2019,1,39.46666666666667,2019-01-01
2019,2,51.46666666666667,2019-02-01
2019,3,14.6,2019-03-01
2019,4,134.53333333333333,2019-04-01
2019,5,101.59999999999998,2019-05-01
2019,6,2.2666666666666666,2019-06-01
2019,7,60.333333333333336,2019-07-01
2019,8,24.46666666666667,2019-08-01
2019,9,59.133333333333326,2019-09-01
2019,10,301.59999999999997,2019-10-01
2019,11,656.7333333333332,2019-11-01
2019,12,228.13333333333333,2019-12-01
2020,1,55.666666666666664,2020-01-01
2020,2,32.4,2020-02-01
2020,3,132.13333333333333,2020-03-01
2020,4,30.8,2020-04-01
2020,5,79.73333333333333,2020-05-01
2020,6,107.46666666666665,2020-06-01
2020,7,19.6,2020-07-01
2020,8,48.86666666666667,2020-08-01
2020,9,118.0,2020-09-01
2020,10,213.86666666666667,2020-10-01
2020,11,28.599999999999998,2020-11-01
2020,12,253.6,2020-12-01
2021,1,198.66666666666666,2021-01-01
2021,2,60.800000000000004,2021-02-01
2021,3,24.400000000000002,2021-03-01
2021,4,106.26666666666667,2021-04-01
2021,5,94.73333333333333,2021-05-01
2021,6,12.333333333333334,2021-06-01
2021,7,10.266666666666667,2021-07-01
2021,8,10.333333333333334,2021-08-01
2021,9,93.26666666666667,2021-09-01
2021,10,170.46666666666667,2021-10-01
2021,11,217.93333333333337,2021-11-01
2021,12,59.53333333333333,2021-12-01
2022,1,26.46666666666667,2022-01-01
2022,2,23.400000000000002,2022-02-01
2022,3,14.133333333333333,2022-03-01
2022,4,48.13333333333333,2022-04-01
2022,5,10.933333333333332,2022-05-01
2022,6,4.933333333333334,2022-06-01
2022,7,6.666666666666667,2022-07-01
2022,8,59.53333333333333,2022-08-01
2022,9,81.26666666666667,2022-09-01
2022,10,22.46666666666667,2022-10-01
2022,11,164.79999999999998,2022-11-01
2022,12,141.93333333333334,2022-12-01
