year,month,rainfall,date
1875,1,27.8,1875-01-01
1875,2,97.6,1875-02-01
1875,3,40.0,1875-03-01
1875,4,75.7,1875-04-01
1875,5,64.7,1875-05-01
1875,6,122.2,1875-06-01
1875,7,119.6,1875-07-01
1875,8,101.8,1875-08-01
1875,9,4.2,1875-09-01
1875,10,247.7,1875-10-01
1875,11,21.9,1875-11-01
1875,12,89.4,1875-12-01
1876,1,108.1,1876-01-01
1876,2,13.5,1876-02-01
1876,3,295.3,1876-03-01
1876,4,187.6,1876-04-01
1876,5,60.7,1876-05-01
1876,6,103.9,1876-06-01
1876,7,18.1,1876-07-01
1876,8,173.6,1876-08-01
1876,9,19.1,1876-09-01
1876,10,192.2,1876-10-01
1876,11,80.2,1876-11-01
1876,12,205.9,1876-12-01
1877,1,80.5,1877-01-01
1877,2,6.9,1877-02-01
1877,3,164.0,1877-03-01
1877,4,101.9,1877-04-01
1877,5,69.3,1877-05-01
1877,6,8.2,1877-06-01
1877,7,35.0,1877-07-01
1877,8,0.0,1877-08-01
1877,9,14.6,1877-09-01
1877,10,56.8,1877-10-01
1877,11,138.4,1877-11-01
1877,12,47.2,1877-12-01
1878,1,19.8,1878-01-01
1878,2,2.8,1878-02-01
1878,3,84.9,1878-03-01
1878,4,115.1,1878-04-01
1878,5,62.4,1878-05-01
1878,6,41.4,1878-06-01
1878,7,18.5,1878-07-01
1878,8,201.6,1878-08-01
1878,9,60.9,1878-09-01
1878,10,238.8,1878-10-01
1878,11,224.5,1878-11-01
1878,12,28.9,1878-12-01
1879,1,77.6,1879-01-01
1879,2,135.2,1879-02-01
1879,3,192.3,1879-03-01
1879,4,265.9,1879-04-01
1879,5,284.8,1879-05-01
1879,6,5.6,1879-06-01
1879,7,35.9,1879-07-01
1879,8,14.8,1879-08-01
1879,9,152.9,1879-09-01
1879,10,15.2,1879-10-01
1879,11,66.7,1879-11-01
1879,12,2.1,1879-12-01
1880,1,28.5,1880-01-01
1880,2,95.0,1880-02-01
1880,3,20.0,1880-03-01
1880,4,161.7,1880-04-01
1880,5,75.0,1880-05-01
1880,6,194.2,1880-06-01
1880,7,7.1,1880-07-01
1880,8,76.2,1880-08-01
1880,9,40.8,1880-09-01
1880,10,14.9,1880-10-01
1880,11,81.4,1880-11-01
1880,12,44.5,1880-12-01
1881,1,121.7,1881-01-01
1881,2,32.1,1881-02-01
1881,3,70.1,1881-03-01
1881,4,81.8,1881-04-01
1881,5,127.4,1881-05-01
1881,6,68.5,1881-06-01
1881,7,1.8,1881-07-01
1881,8,26.8,1881-08-01
1881,9,158.0,1881-09-01
1881,10,90.3,1881-10-01
1881,11,169.3,1881-11-01
1881,12,40.6,1881-12-01
1882,1,50.2,1882-01-01
1882,2,17.9,1882-02-01
1882,3,62.6,1882-03-01
1882,4,39.5,1882-04-01
1882,5,48.3,1882-05-01
1882,6,27.4,1882-06-01
1882,7,61.0,1882-07-01
1882,8,23.9,1882-08-01
1882,9,161.3,1882-09-01
1882,10,382.2,1882-10-01
1882,11,20.7,1882-11-01
1882,12,156.1,1882-12-01
1883,1,168.2,1883-01-01
1883,2,79.6,1883-02-01
1883,3,79.4,1883-03-01
1883,4,188.8,1883-04-01
1883,5,114.4,1883-05-01
1883,6,81.3,1883-06-01
1883,7,72.1,1883-07-01
1883,8,7.2,1883-08-01
1883,9,33.4,1883-09-01
1883,10,49.2,1883-10-01
1883,11,80.1,1883-11-01
1883,12,44.2,1883-12-01
1884,1,8.9,1884-01-01
1884,2,9.6,1884-02-01
1884,3,49.4,1884-03-01
1884,4,190.7,1884-04-01
1884,5,123.7,1884-05-01
1884,6,158.1,1884-06-01
1884,7,40.8,1884-07-01
1884,8,15.9,1884-08-01
1884,9,180.6,1884-09-01
1884,10,44.7,1884-10-01
1884,11,9.5,1884-11-01
1884,12,46.9,1884-12-01
1885,1,97.6,1885-01-01
1885,2,197.4,1885-02-01
1885,3,62.1,1885-03-01
1885,4,178.3,1885-04-01
1885,5,58.0,1885-05-01
1886,1,144.2,1886-01-01
1886,2,6.8,1886-02-01
1886,3,26.8,1886-03-01
1886,4,79.2,1886-04-01
1886,5,64.1,1886-05-01
1886,6,59.8,1886-06-01
1886,7,22.1,1886-07-01
1886,8,67.3,1886-08-01
1886,9,32.2,1886-09-01
1886,10,160.8,1886-10-01
1886,11,274.7,1886-11-01
1886,12,177.3,1886-12-01
1887,1,27.6,1887-01-01
1887,2,10.3,1887-02-01
1887,3,16.9,1887-03-01
1887,4,171.7,1887-04-01
1887,5,64.9,1887-05-01
1887,6,161.6,1887-06-01
1887,7,10.3,1887-07-01
1887,8,0.2,1887-08-01
1887,9,15.2,1887-09-01
1887,10,123.1,1887-10-01
1887,11,217.4,1887-11-01
1887,12,57.5,1887-12-01
1888,1,11.5,1888-01-01
1888,2,204.1,1888-02-01
1888,3,99.6,1888-03-01
1888,4,90.4,1888-04-01
1888,5,88.2,1888-05-01
1888,6,47.7,1888-06-01
1888,7,35.8,1888-07-01
1888,8,29.5,1888-08-01
1888,9,80.6,1888-09-01
1888,10,23.7,1888-10-01
1888,11,185.9,1888-11-01
1888,12,231.6,1888-12-01
1889,1,29.6,1889-01-01
1889,2,5.0,1889-02-01
1889,3,100.8,1889-03-01
1889,4,180.6,1889-04-01
1889,5,68.4,1889-05-01
1889,6,117.1,1889-06-01
1889,7,44.7,1889-07-01
1889,8,2.7,1889-08-01
1889,9,66.9,1889-09-01
1889,10,263.8,1889-10-01
1889,11,23.3,1889-11-01
1889,12,23.8,1889-12-01
1890,1,100.77,1890-01-01
1890,2,29.3,1890-02-01
1890,3,161.0,1890-03-01
1890,4,176.6,1890-04-01
1890,5,133.2,1890-05-01
1890,6,8.0,1890-06-01
1890,7,17.1,1890-07-01
1890,8,64.8,1890-08-01
1890,9,211.3,1890-09-01
1890,10,9.8,1890-10-01
1890,11,26.0,1890-11-01
1891,1,5.7,1891-01-01
1891,2,42.6,1891-02-01
1891,3,212.0,1891-03-01
1891,4,76.1,1891-04-01
1891,5,169.3,1891-05-01
1891,6,9.2,1891-06-01
1891,7,36.5,1891-07-01
1891,8,13.5,1891-08-01
1891,9,112.0,1891-09-01
1891,10,280.1,1891-10-01
1891,11,127.7,1891-11-01
1891,12,44.7,1891-12-01
1892,1,63.9,1892-01-01
1892,2,218.0,1892-02-01
1892,3,135.3,1892-03-01
1892,4,21.0,1892-04-01
1892,5,100.9,1892-05-01
1892,6,33.5,1892-06-01
1892,7,53.4,1892-07-01
1892,8,34.6,1892-08-01
1892,9,11.7,1892-09-01
1892,10,195.6,1892-10-01
1892,11,100.0,1892-11-01
1892,12,0.0,1892-12-01
1893,1,2.3,1893-01-01
1893,2,168.7,1893-02-01
1893,3,62.8,1893-03-01
1893,4,39.8,1893-04-01
1893,5,133.5,1893-05-01
1893,6,45.9,1893-06-01
1893,7,149.1,1893-07-01
1893,8,27.4,1893-08-01
1893,9,75.9,1893-09-01
1893,10,64.6,1893-10-01
1893,11,51.8,1893-11-01
1893,12,117.7,1893-12-01
1894,1,104.2,1894-01-01
1894,2,1.3,1894-02-01
1894,3,14.4,1894-03-01
1894,4,66.8,1894-04-01
1894,5,177.1,1894-05-01
1894,6,16.2,1894-06-01
1894,7,3.9,1894-07-01
1894,8,5.5,1894-08-01
1894,9,12.9,1894-09-01
1894,10,152.5,1894-10-01
1894,11,99.3,1894-11-01
1894,12,0.3,1894-12-01
1895,1,268.9,1895-01-01
1895,2,46.9,1895-02-01
1895,3,82.9,1895-03-01
1895,4,109.2,1895-04-01
1895,5,114.4,1895-05-01
1895,6,73.0,1895-06-01
1895,7,15.3,1895-07-01
1895,8,7.4,1895-08-01
1895,9,18.5,1895-09-01
1895,10,190.3,1895-10-01
1895,11,94.1,1895-11-01
1895,12,82.0,1895-12-01
1896,1,3.6,1896-01-01
1896,2,6.2,1896-02-01
1896,3,86.6,1896-03-01
1896,4,47.3,1896-04-01
1896,5,92.2,1896-05-01
1896,6,103.9,1896-06-01
1896,7,77.5,1896-07-01
1896,8,136.6,1896-08-01
1896,9,31.9,1896-09-01
1896,10,377.3,1896-10-01
1896,11,130.9,1896-11-01
1896,12,230.0,1896-12-01
1897,1,202.0,1897-01-01
1897,2,19.1,1897-02-01
1897,3,25.3,1897-03-01
1897,4,32.6,1897-04-01
1897,5,54.5,1897-05-01
1897,6,6.2,1897-06-01
1897,7,18.9,1897-07-01
1897,8,15.3,1897-08-01
1897,9,64.4,1897-09-01
1897,10,229.8,1897-10-01
1897,11,43.4,1897-11-01
1897,12,98.9,1897-12-01
1898,1,87.0,1898-01-01
1898,2,71.9,1898-02-01
1898,3,110.6,1898-03-01
1898,4,124.3,1898-04-01
1898,5,98.7,1898-05-01
1898,6,33.6,1898-06-01
1898,7,28.7,1898-07-01
1898,8,6.0,1898-08-01
1898,9,29.2,1898-09-01
1898,10,219.2,1898-10-01
1898,11,150.1,1898-11-01
1898,12,9.0,1898-12-01
1899,1,54.7,1899-01-01
1899,2,22.6,1899-02-01
1899,3,30.4,1899-03-01
1899,4,128.3,1899-04-01
1899,5,116.4,1899-05-01
1899,6,79.8,1899-06-01
1899,7,6.3,1899-07-01
1899,8,61.5,1899-08-01
1899,9,34.2,1899-09-01
1899,10,13.1,1899-10-01
1899,11,50.4,1899-11-01
1899,12,54.2,1899-12-01
1900,1,68.0,1900-01-01
1900,2,150.4,1900-02-01
1900,3,150.4,1900-03-01
1900,4,13.2,1900-04-01
1900,5,236.6,1900-05-01
1900,6,36.5,1900-06-01
1900,7,2.9,1900-07-01
1900,8,68.6,1900-08-01
1900,9,194.0,1900-09-01
1900,10,63.3,1900-10-01
1900,11,288.8,1900-11-01
1900,12,32.5,1900-12-01
1901,1,4.0,1901-01-01
1901,2,41.0,1901-02-01
1901,3,411.5,1901-03-01
1901,4,54.5,1901-04-01
1901,5,73.9,1901-05-01
1901,6,449.0,1901-06-01
1901,7,92.8,1901-07-01
1901,8,21.8,1901-08-01
1901,9,253.0,1901-09-01
1901,10,394.3,1901-10-01
1901,11,47.2,1901-11-01
1901,12,180.0,1901-12-01
1902,1,69.2,1902-01-01
1902,2,138.7,1902-02-01
1902,3,44.7,1902-03-01
1902,4,94.9,1902-04-01
1902,5,56.5,1902-05-01
1902,6,52.8,1902-06-01
1902,7,5.0,1902-07-01
1902,8,47.4,1902-08-01
1902,9,28.5,1902-09-01
1902,10,71.8,1902-10-01
1902,11,82.2,1902-11-01
1902,12,64.0,1902-12-01
1903,1,62.1,1903-01-01
1903,2,14.0,1903-02-01
1903,3,68.3,1903-03-01
1903,4,213.4,1903-04-01
1903,5,145.5,1903-05-01
1903,6,212.1,1903-06-01
1903,7,23.3,1903-07-01
1903,8,9.8,1903-08-01
1903,9,27.3,1903-09-01
1903,10,217.8,1903-10-01
1903,11,46.9,1903-11-01
1903,12,226.9,1903-12-01
1904,1,17.2,1904-01-01
1904,2,105.4,1904-02-01
1904,3,85.0,1904-03-01
1904,4,31.4,1904-04-01
1904,5,5.3,1904-05-01
1904,6,18.3,1904-06-01
1904,7,23.0,1904-07-01
1904,8,37.4,1904-08-01
1904,9,84.7,1904-09-01
1904,10,82.7,1904-10-01
1904,11,15.9,1904-11-01
1904,12,64.9,1904-12-01
1905,1,10.0,1905-01-01
1905,2,98.5,1905-02-01
1905,3,106.3,1905-03-01
1905,4,115.8,1905-04-01
1905,5,292.0,1905-05-01
1905,6,47.4,1905-06-01
1905,7,2.4,1905-07-01
1905,8,178.9,1905-08-01
1905,9,150.0,1905-09-01
1905,10,45.6,1905-10-01
1905,11,312.0,1905-11-01
1905,12,26.3,1905-12-01
1906,1,0.6,1906-01-01
1906,2,78.4,1906-02-01
1906,3,73.3,1906-03-01
1906,4,89.7,1906-04-01
1906,5,36.6,1906-05-01
1906,6,12.9,1906-06-01
1906,7,167.1,1906-07-01
1906,8,0.0,1906-08-01
1906,9,20.7,1906-09-01
1906,10,165.9,1906-10-01
1906,11,298.9,1906-11-01
1906,12,15.9,1906-12-01
1907,1,28.8,1907-01-01
1907,2,20.1,1907-02-01
1907,3,0.4,1907-03-01
1907,4,169.5,1907-04-01
1907,5,79.5,1907-05-01
1907,6,18.2,1907-06-01
1907,7,6.8,1907-07-01
1907,8,2.7,1907-08-01
1907,9,173.3,1907-09-01
1907,10,643.6,1907-10-01
1907,11,114.1,1907-11-01
1907,12,142.5,1907-12-01
1908,3,87.7,1908-03-01
1908,4,31.1,1908-04-01
1908,5,59.5,1908-05-01
1908,6,42.2,1908-06-01
1908,7,70.9,1908-07-01
1908,8,3.0,1908-08-01
1908,9,64.2,1908-09-01
1908,10,102.6,1908-10-01
1908,11,36.0,1908-11-01
1908,12,64.7,1908-12-01
1909,1,26.1,1909-01-01
1909,2,33.9,1909-02-01
1909,3,11.9,1909-03-01
1909,4,7.1,1909-04-01
1909,5,70.4,1909-05-01
1909,6,46.2,1909-06-01
1909,7,4.6,1909-07-01
1909,8,113.1,1909-08-01
1909,9,166.1,1909-09-01
1909,10,119.1,1909-10-01
1909,11,33.0,1909-11-01
1909,12,60.7,1909-12-01
1910,1,40.2,1910-01-01
1910,2,60.6,1910-02-01
1910,3,200.4,1910-03-01
1910,4,183.0,1910-04-01
1910,5,29.4,1910-05-01
1910,6,87.8,1910-06-01
1910,7,11.9,1910-07-01
1910,8,122.2,1910-08-01
1910,9,52.8,1910-09-01
1910,10,99.8,1910-10-01
1910,11,119.5,1910-11-01
1910,12,480.9,1910-12-01
1911,1,33.2,1911-01-01
1911,2,19.7,1911-02-01
1911,3,122.6,1911-03-01
1911,4,35.7,1911-04-01
1911,5,71.0,1911-05-01
1911,6,100.0,1911-06-01
1911,7,18.9,1911-07-01
1911,8,23.2,1911-08-01
1911,9,167.1,1911-09-01
1911,10,360.0,1911-10-01
1911,11,281.1,1911-11-01
1911,12,117.3,1911-12-01
1912,1,122.5,1912-01-01
1912,2,175.6,1912-02-01
1912,3,142.1,1912-03-01
1912,4,105.0,1912-04-01
1912,5,132.7,1912-05-01
1912,6,15.0,1912-06-01
1912,7,8.2,1912-07-01
1912,8,22.8,1912-08-01
1913,5,10.0,1913-05-01
1913,6,59.4,1913-06-01
1913,7,13.5,1913-07-01
1935,1,50.5,1935-01-01
1935,2,60.4,1935-02-01
1935,3,12.6,1935-03-01
1935,4,37.8,1935-04-01
1935,5,98.0,1935-05-01
1935,6,4.6,1935-06-01
1935,7,22.8,1935-07-01
1935,8,249.9,1935-08-01
1935,9,16.4,1935-09-01
1935,10,326.6,1935-10-01
1935,11,209.8,1935-11-01
1935,12,228.0,1935-12-01
1936,1,297.6,1936-01-01
1936,2,117.0,1936-02-01
1936,3,210.8,1936-03-01
1936,4,145.8,1936-04-01
1936,5,101.4,1936-05-01
1936,6,101.6,1936-06-01
1936,7,98.4,1936-07-01
1936,8,17.4,1936-08-01
1936,9,194.0,1936-09-01
1936,10,30.6,1936-10-01
1936,11,144.0,1936-11-01
1936,12,56.8,1936-12-01
1937,1,117.8,1937-01-01
1937,2,61.8,1937-02-01
1937,3,301.0,1937-03-01
1937,4,159.8,1937-04-01
1937,5,62.2,1937-05-01
1937,6,78.6,1937-06-01
1937,7,18.2,1937-07-01
1937,8,24.6,1937-08-01
1937,9,109.7,1937-09-01
1937,10,211.2,1937-10-01
1937,11,125.3,1937-11-01
1937,12,84.7,1937-12-01
1938,1,3.2,1938-01-01
1938,2,11.3,1938-02-01
1938,3,0.1,1938-03-01
1938,4,12.2,1938-04-01
1938,5,131.9,1938-05-01
1938,6,37.6,1938-06-01
1938,7,8.4,1938-07-01
1938,8,54.6,1938-08-01
1938,9,358.6,1938-09-01
1938,10,108.0,1938-10-01
1938,11,131.2,1938-11-01
1938,12,48.0,1938-12-01
1939,1,112.0,1939-01-01
1939,2,87.2,1939-02-01
1939,3,0.4,1939-03-01
1939,4,62.4,1939-04-01
1939,5,104.8,1939-05-01
1939,6,25.6,1939-06-01
1939,7,0.6,1939-07-01
1939,8,77.4,1939-08-01
1939,9,81.4,1939-09-01
1939,10,81.8,1939-10-01
1939,11,58.6,1939-11-01
1939,12,63.4,1939-12-01
1940,1,14.4,1940-01-01
1940,2,41.8,1940-02-01
1940,3,41.6,1940-03-01
1940,4,20.4,1940-04-01
1940,5,188.6,1940-05-01
1940,6,83.0,1940-06-01
1940,7,10.8,1940-07-01
1940,8,88.4,1940-08-01
1940,9,88.0,1940-09-01
1940,10,83.2,1940-10-01
1940,11,109.3,1940-11-01
1940,12,1.8,1940-12-01
1941,1,117.8,1941-01-01
1941,2,168.0,1941-02-01
1941,3,75.6,1941-03-01
1941,4,191.1,1941-04-01
1941,5,159.6,1941-05-01
1941,6,61.1,1941-06-01
1941,7,51.8,1941-07-01
1941,8,6.4,1941-08-01
1941,9,64.5,1941-09-01
1941,10,27.4,1941-10-01
1941,11,119.3,1941-11-01
1941,12,0.0,1941-12-01
1942,1,10.7,1942-01-01
1942,2,49.2,1942-02-01
1942,3,45.7,1942-03-01
1942,4,91.3,1942-04-01
1942,5,139.7,1942-05-01
1942,6,39.2,1942-06-01
1942,7,29.4,1942-07-01
1942,8,112.1,1942-08-01
1942,9,118.9,1942-09-01
1943,1,60.6,1943-01-01
1943,2,26.6,1943-02-01
1943,3,85.8,1943-03-01
1943,4,98.0,1943-04-01
1943,5,111.4,1943-05-01
1943,6,4.8,1943-06-01
1943,7,24.6,1943-07-01
1943,8,36.0,1943-08-01
1943,9,63.2,1943-09-01
1943,10,158.6,1943-10-01
1943,11,60.2,1943-11-01
1943,12,148.2,1943-12-01
1944,1,0.0,1944-01-01
1944,2,23.9,1944-02-01
1944,7,22.8,1944-07-01
1944,8,42.4,1944-08-01
1944,9,93.0,1944-09-01
1944,10,289.0,1944-10-01
1944,11,17.6,1944-11-01
1944,12,21.4,1944-12-01
1945,1,11.2,1945-01-01
1945,2,1.4,1945-02-01
1945,3,42.6,1945-03-01
1945,4,25.8,1945-04-01
1945,5,0.4,1945-05-01
1945,6,0.0,1945-06-01
1945,7,3.2,1945-07-01
1945,8,138.4,1945-08-01
1945,9,13.6,1945-09-01
1945,10,205.8,1945-10-01
1945,11,158.4,1945-11-01
1945,12,253.6,1945-12-01
1946,1,19.0,1946-01-01
1946,2,8.8,1946-02-01
1946,4,91.2,1946-04-01
1946,5,127.4,1946-05-01
1946,6,12.2,1946-06-01
1946,7,27.6,1946-07-01
1946,8,104.0,1946-08-01
1946,9,54.4,1946-09-01
1946,10,46.8,1946-10-01
1946,11,77.2,1946-11-01
1946,12,20.6,1946-12-01
1947,1,57.8,1947-01-01
1947,2,68.2,1947-02-01
1947,3,79.4,1947-03-01
1947,4,34.8,1947-04-01
1947,5,66.6,1947-05-01
1947,6,7.8,1947-06-01
1947,7,7.8,1947-07-01
1947,8,10.8,1947-08-01
1947,9,216.4,1947-09-01
1947,10,140.2,1947-10-01
1947,11,66.6,1947-11-01
1947,12,123.8,1947-12-01
1948,1,118.4,1948-01-01
1948,2,10.0,1948-02-01
1948,3,17.6,1948-03-01
1948,4,97.2,1948-04-01
1948,5,167.1,1948-05-01
1948,6,2.0,1948-06-01
1948,7,34.8,1948-07-01
1948,8,57.0,1948-08-01
1948,9,112.4,1948-09-01
1948,10,149.2,1948-10-01
1948,11,2.6,1948-11-01
1948,12,38.2,1948-12-01
1949,1,166.0,1949-01-01
1949,2,16.6,1949-02-01
1949,3,23.4,1949-03-01
1949,4,84.4,1949-04-01
1949,5,112.2,1949-05-01
1949,6,36.4,1949-06-01
1949,7,34.2,1949-07-01
1949,8,0.0,1949-08-01
1949,9,12.6,1949-09-01
1949,10,28.4,1949-10-01
1949,11,131.6,1949-11-01
1949,12,35.8,1949-12-01
1950,1,5.8,1950-01-01
1950,2,75.7,1950-02-01
1950,3,43.0,1950-03-01
1950,4,217.8,1950-04-01
1950,5,41.8,1950-05-01
1950,6,2.6,1950-06-01
1950,7,1.2,1950-07-01
1950,8,0.0,1950-08-01
1950,9,63.4,1950-09-01
1950,10,66.2,1950-10-01
1950,11,113.8,1950-11-01
1950,12,119.6,1950-12-01
1951,1,67.2,1951-01-01
1951,2,143.6,1951-02-01
1951,3,171.6,1951-03-01
1951,4,49.0,1951-04-01
1951,5,148.2,1951-05-01
1951,6,0.0,1951-06-01
1951,7,15.0,1951-07-01
1951,8,6.8,1951-08-01
1951,9,99.65,1951-09-01
1951,10,202.8,1951-10-01
1951,11,365.5,1951-11-01
1951,12,65.0,1951-12-01
1952,1,13.350000000000001,1952-01-01
1952,2,6.85,1952-02-01
1952,3,42.9,1952-03-01
1952,4,188.25,1952-04-01
1952,5,124.0,1952-05-01
1952,6,1.2,1952-06-01
1952,7,76.0,1952-07-01
1952,8,28.2,1952-08-01
1952,9,92.8,1952-09-01
1952,10,75.4,1952-10-01
1952,11,68.1,1952-11-01
1952,12,32.85,1952-12-01
1953,1,93.0,1953-01-01
1953,2,5.6,1953-02-01
1953,3,12.8,1953-03-01
1953,4,34.4,1953-04-01
1953,5,59.8,1953-05-01
1953,6,92.0,1953-06-01
1953,7,40.0,1953-07-01
1953,8,84.6,1953-08-01
1953,9,91.85,1953-09-01
1953,10,208.5,1953-10-01
1953,11,14.600000000000001,1953-11-01
1953,12,87.4,1953-12-01
1954,1,12.45,1954-01-01
1954,2,38.150000000000006,1954-02-01
1954,3,70.2,1954-03-01
1954,4,43.099999999999994,1954-04-01
1954,5,242.05,1954-05-01
1954,6,27.4,1954-06-01
1954,7,48.6,1954-07-01
1954,8,70.4,1954-08-01
1954,9,11.6,1954-09-01
1954,10,55.7,1954-10-01
1954,11,129.75,1954-11-01
1954,12,160.35,1954-12-01
1955,1,139.3,1955-01-01
1955,2,141.3,1955-02-01
1955,3,47.0,1955-03-01
1955,4,0.0,1955-04-01
1955,5,23.2,1955-05-01
1955,6,61.8,1955-06-01
1955,7,65.8,1955-07-01
1955,8,86.0,1955-08-01
1955,9,59.2,1955-09-01
1955,10,79.0,1955-10-01
1955,11,66.95,1955-11-01
1955,12,45.4,1955-12-01
1956,1,42.2,1956-01-01
1956,2,5.6,1956-02-01
1956,3,197.85000000000002,1956-03-01
1956,4,91.30000000000001,1956-04-01
1956,5,29.549999999999997,1956-05-01
1956,6,78.1,1956-06-01
1956,7,10.55,1956-07-01
1956,8,5.949999999999999,1956-08-01
1956,9,168.3,1956-09-01
1956,10,50.1,1956-10-01
1956,11,57.1,1956-11-01
1956,12,14.799999999999999,1956-12-01
1957,1,32.0,1957-01-01
1957,2,114.6,1957-02-01
1957,3,25.4,1957-03-01
1957,4,110.6,1957-04-01
1957,5,168.0,1957-05-01
1957,6,63.4,1957-06-01
1957,7,28.8,1957-07-01
1957,8,51.2,1957-08-01
1957,9,8.8,1957-09-01
1957,10,84.8,1957-10-01
1957,11,359.0,1957-11-01
1957,12,212.2,1957-12-01
1958,1,3.8,1958-01-01
1958,2,51.8,1958-02-01
1958,3,24.6,1958-03-01
1958,4,152.6,1958-04-01
1958,5,9.6,1958-05-01
1958,6,161.0,1958-06-01
1958,7,38.0,1958-07-01
1958,8,22.8,1958-08-01
1958,9,16.4,1958-09-01
1958,10,102.0,1958-10-01
1958,11,159.6,1958-11-01
1958,12,215.0,1958-12-01
1959,1,6.2,1959-01-01
1959,2,10.0,1959-02-01
1959,3,177.6,1959-03-01
1959,4,146.0,1959-04-01
1959,5,134.35,1959-05-01
1959,6,26.4,1959-06-01
1959,7,0.2,1959-07-01
1959,8,124.2,1959-08-01
1959,9,110.0,1959-09-01
1959,10,196.6,1959-10-01
1959,11,158.95,1959-11-01
1959,12,357.25,1959-12-01
1960,1,68.2,1960-01-01
1960,2,125.2,1960-02-01
1960,3,116.15,1960-03-01
1960,4,36.4,1960-04-01
1960,5,40.25,1960-05-01
1960,6,63.6,1960-06-01
1960,7,30.8,1960-07-01
1960,8,33.0,1960-08-01
1960,9,233.55,1960-09-01
1960,10,337.65,1960-10-01
1960,11,132.6,1960-11-01
1960,12,184.85,1960-12-01
1961,1,60.35,1961-01-01
1961,2,0.8,1961-02-01
1961,3,0.4,1961-03-01
1961,4,163.8,1961-04-01
1961,5,40.0,1961-05-01
1961,6,91.4,1961-06-01
1961,7,24.2,1961-07-01
1961,8,1.0,1961-08-01
1961,9,30.25,1961-09-01
1961,10,450.2,1961-10-01
1961,11,285.8,1961-11-01
1961,12,59.2,1961-12-01
1962,1,35.400000000000006,1962-01-01
1962,2,56.3,1962-02-01
1962,3,55.3,1962-03-01
1962,4,94.6,1962-04-01
1962,5,47.3,1962-05-01
1962,6,15.95,1962-06-01
1962,7,11.4,1962-07-01
1962,8,5.6,1962-08-01
1962,9,32.6,1962-09-01
1962,10,113.0,1962-10-01
1962,11,293.4,1962-11-01
1962,12,26.2,1962-12-01
1963,1,115.6,1963-01-01
1963,2,37.4,1963-02-01
1963,3,94.0,1963-03-01
1963,4,220.6,1963-04-01
1963,5,31.0,1963-05-01
1963,6,81.7,1963-06-01
1963,7,25.7,1963-07-01
1963,8,136.39999999999998,1963-08-01
1963,9,105.0,1963-09-01
1963,10,79.5,1963-10-01
1963,11,236.9,1963-11-01
1963,12,21.2,1963-12-01
1964,1,2.0,1964-01-01
1964,2,237.6,1964-02-01
1964,3,193.4,1964-03-01
1964,4,32.75,1964-04-01
1964,5,6.5,1964-05-01
1964,6,19.55,1964-06-01
1964,7,31.2,1964-07-01
1964,8,10.8,1964-08-01
1964,9,48.6,1964-09-01
1964,10,83.2,1964-10-01
1964,11,23.4,1964-11-01
1964,12,67.2,1964-12-01
1965,1,44.6,1965-01-01
1965,2,0.0,1965-02-01
1965,3,105.15,1965-03-01
1965,4,6.6,1965-04-01
1965,5,40.35,1965-05-01
1965,6,66.25,1965-06-01
1965,7,5.4,1965-07-01
1965,8,106.75,1965-08-01
1965,9,213.39999999999998,1965-09-01
1965,10,210.65,1965-10-01
1965,11,102.0,1965-11-01
1965,12,19.6,1965-12-01
1966,1,25.2,1966-01-01
1966,2,219.75,1966-02-01
1966,3,28.200000000000003,1966-03-01
1966,4,167.05,1966-04-01
1966,5,35.8,1966-05-01
1966,6,19.0,1966-06-01
1966,7,26.6,1966-07-01
1966,8,31.0,1966-08-01
1966,9,132.4,1966-09-01
1966,10,313.0,1966-10-01
1966,11,101.2,1966-11-01
1966,12,77.0,1966-12-01
1967,1,10.8,1967-01-01
1967,2,36.2,1967-02-01
1967,3,51.8,1967-03-01
1967,4,62.6,1967-04-01
1967,5,23.4,1967-05-01
1967,6,103.6,1967-06-01
1967,7,4.4,1967-07-01
1967,8,51.6,1967-08-01
1967,9,55.25,1967-09-01
1967,10,16.35,1967-10-01
1967,11,195.95,1967-11-01
1967,12,21.25,1967-12-01
1968,1,0.8,1968-01-01
1968,2,157.8,1968-02-01
1968,3,49.4,1968-03-01
1968,4,76.55000000000001,1968-04-01
1968,5,54.8,1968-05-01
1968,6,29.85,1968-06-01
1968,7,50.0,1968-07-01
1968,8,80.6,1968-08-01
1968,9,145.4,1968-09-01
1968,10,53.400000000000006,1968-10-01
1968,11,158.2,1968-11-01
1968,12,86.4,1968-12-01
1969,1,141.2,1969-01-01
1969,2,87.0,1969-02-01
1969,3,85.4,1969-03-01
1969,4,60.0,1969-04-01
1969,5,90.6,1969-05-01
1969,6,42.2,1969-06-01
1969,7,13.0,1969-07-01
1969,8,21.6,1969-08-01
1969,9,98.4,1969-09-01
1969,10,0.0,1969-10-01
1969,11,66.0,1969-11-01
1969,12,21.8,1969-12-01
1970,1,188.0,1970-01-01
1970,2,25.0,1970-02-01
1970,3,31.2,1970-03-01
1970,4,13.6,1970-04-01
1970,5,21.6,1970-05-01
1970,6,17.6,1970-06-01
1970,7,2.8,1970-07-01
1970,8,40.8,1970-08-01
1970,9,6.35,1970-09-01
1970,10,58.25,1970-10-01
1970,11,232.55,1970-11-01
1970,12,53.849999999999994,1970-12-01
1971,1,145.05,1971-01-01
1971,2,55.2,1971-02-01
1971,3,191.6,1971-03-01
1971,4,164.05,1971-04-01
1971,5,135.5,1971-05-01
1971,6,49.25,1971-06-01
1971,7,28.8,1971-07-01
1971,8,52.4,1971-08-01
1971,9,12.2,1971-09-01
1971,10,176.8,1971-10-01
1971,11,133.75,1971-11-01
1971,12,33.050000000000004,1971-12-01
1972,1,144.4,1972-01-01
1972,2,354.2,1972-02-01
1972,3,158.60000000000002,1972-03-01
1972,4,116.4,1972-04-01
1972,5,21.5,1972-05-01
1972,6,39.5,1972-06-01
1972,7,61.0,1972-07-01
1972,8,21.2,1972-08-01
1972,9,150.0,1972-09-01
1972,10,92.2,1972-10-01
1972,11,21.200000000000003,1972-11-01
1972,12,89.55000000000001,1972-12-01
1973,1,59.150000000000006,1973-01-01
1973,2,6.8500000000000005,1973-02-01
1973,3,1.2,1973-03-01
1973,4,31.4,1973-04-01
1973,5,22.6,1973-05-01
1973,6,50.4,1973-06-01
1973,7,76.4,1973-07-01
1973,8,17.2,1973-08-01
1973,9,190.7,1973-09-01
1973,10,93.1,1973-10-01
1973,11,7.8,1973-11-01
1973,12,173.55,1973-12-01
1974,1,92.65,1974-01-01
1974,2,245.8,1974-02-01
1974,3,108.05,1974-03-01
1974,4,158.85,1974-04-01
1974,5,59.05,1974-05-01
1974,6,54.349999999999994,1974-06-01
1974,7,7.4,1974-07-01
1974,8,23.9,1974-08-01
1974,9,90.25,1974-09-01
1974,10,17.6,1974-10-01
1974,11,74.45,1974-11-01
1974,12,20.6,1974-12-01
1975,1,145.4,1975-01-01
1975,2,49.0,1975-02-01
1975,3,162.2,1975-03-01
1975,4,37.400000000000006,1975-04-01
1975,5,123.6,1975-05-01
1975,6,53.8,1975-06-01
1975,7,9.4,1975-07-01
1975,8,74.95,1975-08-01
1975,9,87.55000000000001,1975-09-01
1975,10,58.150000000000006,1975-10-01
1975,11,275.1,1975-11-01
1975,12,86.5,1975-12-01
1976,1,9.0,1976-01-01
1976,2,46.0,1976-02-01
1976,3,10.2,1976-03-01
1976,4,58.0,1976-04-01
1976,5,47.6,1976-05-01
1976,6,11.0,1976-06-01
1976,7,57.6,1976-07-01
1976,8,147.64999999999998,1976-08-01
1976,9,188.95,1976-09-01
1976,10,280.8,1976-10-01
1976,11,128.4,1976-11-01
1976,12,33.5,1976-12-01
1977,1,246.7,1977-01-01
1977,2,89.2,1977-02-01
1977,3,174.05,1977-03-01
1977,4,39.3,1977-04-01
1977,5,133.10000000000002,1977-05-01
1977,6,62.8,1977-06-01
1977,7,92.65,1977-07-01
1977,8,139.55,1977-08-01
1977,9,6.75,1977-09-01
1977,10,226.1,1977-10-01
1977,11,24.35,1977-11-01
1977,12,120.6,1977-12-01
1978,1,292.4,1978-01-01
1978,2,102.4,1978-02-01
1978,3,93.05000000000001,1978-03-01
1978,4,127.6,1978-04-01
1978,5,82.15,1978-05-01
1978,6,27.65,1978-06-01
1978,7,27.8,1978-07-01
1978,8,1.2,1978-08-01
1978,9,0.8,1978-09-01
1978,10,42.0,1978-10-01
1978,11,0.8,1978-11-01
1978,12,78.6,1978-12-01
1979,1,149.6,1979-01-01
1979,2,67.85,1979-02-01
1979,3,124.15,1979-03-01
1979,4,36.6,1979-04-01
1979,5,6.4,1979-05-01
1979,6,11.6,1979-06-01
1979,7,17.2,1979-07-01
1979,8,31.6,1979-08-01
1979,9,69.4,1979-09-01
1979,10,335.4,1979-10-01
1979,11,45.6,1979-11-01
1979,12,152.5,1979-12-01
1980,1,23.2,1980-01-01
1980,2,30.6,1980-02-01
1980,3,138.4,1980-03-01
1980,4,10.2,1980-04-01
1980,5,120.4,1980-05-01
1980,6,24.6,1980-06-01
1980,7,5.8,1980-07-01
1980,8,146.4,1980-08-01
1980,9,27.8,1980-09-01
1980,10,135.6,1980-10-01
1980,11,60.2,1980-11-01
1980,12,3.6,1980-12-01
1981,1,0.4,1981-01-01
1981,2,25.0,1981-02-01
1981,3,66.4,1981-03-01
1981,4,75.6,1981-04-01
1981,5,34.6,1981-05-01
1981,6,51.6,1981-06-01
1981,7,16.2,1981-07-01
1981,8,24.2,1981-08-01
1981,9,76.6,1981-09-01
1981,10,113.2,1981-10-01
1981,11,2.8,1981-11-01
1981,12,120.8,1981-12-01
1982,1,16.75,1982-01-01
1982,2,39.6,1982-02-01
1982,3,88.3,1982-03-01
1982,4,39.6,1982-04-01
1982,5,42.0,1982-05-01
1982,6,2.6,1982-06-01
1982,7,25.4,1982-07-01
1982,8,65.4,1982-08-01
1982,9,140.05,1982-09-01
1982,10,202.25,1982-10-01
1982,11,174.1,1982-11-01
1982,12,56.9,1982-12-01
1983,1,0.0,1983-01-01
1983,2,19.4,1983-02-01
1983,3,203.2,1983-03-01
1983,4,80.35,1983-04-01
1983,5,68.80000000000001,1983-05-01
1983,6,126.4,1983-06-01
1983,7,5.6,1983-07-01
1983,8,113.8,1983-08-01
1983,9,27.6,1983-09-01
1983,10,87.55000000000001,1983-10-01
1983,11,6.4,1983-11-01
1983,12,142.0,1983-12-01
1984,1,13.899999999999999,1984-01-01
1984,2,60.3,1984-02-01
1984,3,102.75,1984-03-01
1984,4,75.55,1984-04-01
1984,5,315.8,1984-05-01
1984,6,101.0,1984-06-01
1984,7,0.0,1984-07-01
1984,8,113.4,1984-08-01
1984,9,21.55,1984-09-01
1984,10,156.25,1984-10-01
1984,11,66.7,1984-11-01
1984,12,52.9,1984-12-01
1985,1,67.0,1985-01-01
1985,2,15.6,1985-02-01
1985,3,223.4,1985-03-01
1985,4,19.0,1985-04-01
1985,5,260.8,1985-05-01
1985,6,28.4,1985-06-01
1985,7,0.6,1985-07-01
1985,8,66.6,1985-08-01
1985,9,21.4,1985-09-01
1985,10,13.2,1985-10-01
1985,11,43.0,1985-11-01
1985,12,18.8,1985-12-01
1986,1,118.6,1986-01-01
1986,2,80.0,1986-02-01
1986,3,36.4,1986-03-01
1986,4,186.6,1986-04-01
1986,5,34.2,1986-05-01
1986,6,14.2,1986-06-01
1986,7,21.0,1986-07-01
1986,8,15.6,1986-08-01
1986,9,50.2,1986-09-01
1986,10,2.8,1986-10-01
1986,11,42.6,1986-11-01
1986,12,15.2,1986-12-01
1987,1,46.2,1987-01-01
1987,2,106.6,1987-02-01
1987,3,32.2,1987-03-01
1987,4,118.8,1987-04-01
1987,5,84.0,1987-05-01
1987,6,30.4,1987-06-01
1987,7,7.0,1987-07-01
1987,8,38.2,1987-08-01
1987,9,17.8,1987-09-01
1987,10,308.8,1987-10-01
1987,11,105.4,1987-11-01
1987,12,47.2,1987-12-01
1988,1,139.8,1988-01-01
1988,2,35.0,1988-02-01
1988,3,85.6,1988-03-01
1988,4,57.4,1988-04-01
1988,5,90.2,1988-05-01
1988,6,40.0,1988-06-01
1988,7,4.6,1988-07-01
1988,8,14.4,1988-08-01
1988,9,11.4,1988-09-01
1988,10,280.6,1988-10-01
1988,11,0.0,1988-11-01
1988,12,59.4,1988-12-01
1989,1,1.2,1989-01-01
1989,2,94.4,1989-02-01
1989,3,6.8,1989-03-01
1989,4,290.6,1989-04-01
1989,5,0.4,1989-05-01
1989,6,16.6,1989-06-01
1989,7,8.0,1989-07-01
1989,8,26.8,1989-08-01
1989,9,90.2,1989-09-01
1989,10,41.6,1989-10-01
1989,11,24.8,1989-11-01
1989,12,16.0,1989-12-01
1990,1,20.2,1990-01-01
1990,2,10.6,1990-02-01
1990,3,18.0,1990-03-01
1990,4,210.4,1990-04-01
1990,5,8.8,1990-05-01
1990,6,5.4,1990-06-01
1990,7,0.0,1990-07-01
1990,8,59.4,1990-08-01
1990,9,13.6,1990-09-01
1990,10,219.6,1990-10-01
1990,11,66.8,1990-11-01
1990,12,50.8,1990-12-01
1991,1,20.2,1991-01-01
1991,2,39.4,1991-02-01
1991,3,109.0,1991-03-01
1991,4,34.0,1991-04-01
1991,5,72.8,1991-05-01
1991,6,17.6,1991-06-01
1991,7,35.6,1991-07-01
1991,8,3.8,1991-08-01
1991,9,234.4,1991-09-01
1991,10,51.0,1991-10-01
1991,11,37.8,1991-11-01
1991,12,0.0,1991-12-01
1992,1,28.6,1992-01-01
1992,2,14.6,1992-02-01
1992,3,15.4,1992-03-01
1992,4,85.4,1992-04-01
1992,5,33.2,1992-05-01
1992,6,78.6,1992-06-01
1992,7,40.8,1992-07-01
1992,8,43.8,1992-08-01
1992,9,353.2,1992-09-01
1992,10,297.2,1992-10-01
1992,11,30.6,1992-11-01
1992,12,91.0,1992-12-01
1993,1,5.0,1993-01-01
1993,2,23.4,1993-02-01
1993,3,37.2,1993-03-01
1993,4,175.8,1993-04-01
1993,5,31.6,1993-05-01
1993,8,23.2,1993-08-01
1993,9,158.6,1993-09-01
1993,10,287.8,1993-10-01
1993,11,85.2,1993-11-01
1993,12,14.4,1993-12-01
1994,1,145.0,1994-01-01
1994,2,162.0,1994-02-01
1994,3,16.6,1994-03-01
1994,4,56.2,1994-04-01
1994,5,109.2,1994-05-01
1994,6,62.8,1994-06-01
1994,7,3.0,1994-07-01
1994,8,35.4,1994-08-01
1994,9,217.0,1994-09-01
1994,10,90.8,1994-10-01
1994,11,245.0,1994-11-01
1994,12,14.2,1994-12-01
1995,1,43.2,1995-01-01
1995,2,62.6,1995-02-01
1995,3,13.6,1995-03-01
1995,4,93.2,1995-04-01
1995,5,56.6,1995-05-01
1995,6,58.2,1995-06-01
1995,7,7.8,1995-07-01
1995,8,27.2,1995-08-01
1995,9,413.2,1995-09-01
1995,10,89.2,1995-10-01
1995,11,132.8,1995-11-01
1995,12,99.0,1995-12-01
1996,1,264.0,1996-01-01
1996,2,57.0,1996-02-01
1996,3,38.2,1996-03-01
1996,4,85.0,1996-04-01
1996,5,93.2,1996-05-01
1996,6,59.0,1996-06-01
1996,7,29.4,1996-07-01
1996,8,50.0,1996-08-01
1996,9,81.4,1996-09-01
1996,10,206.2,1996-10-01
1996,11,106.2,1996-11-01
1996,12,94.0,1996-12-01
1997,1,101.4,1997-01-01
1997,2,2.2,1997-02-01
1997,3,0.0,1997-03-01
1997,4,8.4,1997-04-01
1997,5,38.4,1997-05-01
1997,6,162.0,1997-06-01
1997,7,38.2,1997-07-01
1997,8,94.8,1997-08-01
1997,9,0.6,1997-09-01
1997,10,123.2,1997-10-01
1997,11,152.8,1997-11-01
1997,12,90.0,1997-12-01
1998,1,38.2,1998-01-01
1998,2,13.2,1998-02-01
1998,3,3.0,1998-03-01
1998,4,186.6,1998-04-01
1998,5,195.2,1998-05-01
1998,6,60.8,1998-06-01
1998,7,25.6,1998-07-01
1998,8,28.2,1998-08-01
1998,9,124.6,1998-09-01
1998,10,166.2,1998-10-01
1998,11,7.8,1998-11-01
1998,12,23.6,1998-12-01
1999,1,159.4,1999-01-01
1999,2,0.0,1999-02-01
1999,3,131.0,1999-03-01
1999,4,54.6,1999-04-01
1999,5,37.4,1999-05-01
1999,6,18.0,1999-06-01
1999,7,34.4,1999-07-01
1999,8,54.4,1999-08-01
1999,9,128.6,1999-09-01
1999,10,183.2,1999-10-01
1999,11,50.2,1999-11-01
1999,12,24.2,1999-12-01
2000,1,0.2,2000-01-01
2000,2,6.8,2000-02-01
2000,3,46.0,2000-03-01
2000,4,147.2,2000-04-01
2000,5,19.8,2000-05-01
2000,6,19.4,2000-06-01
2000,7,22.4,2000-07-01
2000,8,25.0,2000-08-01
2000,9,81.8,2000-09-01
2000,10,331.8,2000-10-01
2000,11,417.6,2000-11-01
2000,12,101.6,2000-12-01
2001,1,117.2,2001-01-01
2001,2,46.0,2001-02-01
2001,3,191.2,2001-03-01
2001,4,24.4,2001-04-01
2001,5,20.6,2001-05-01
2001,6,11.6,2001-06-01
2001,7,10.2,2001-07-01
2001,8,33.6,2001-08-01
2001,9,71.2,2001-09-01
2001,10,50.8,2001-10-01
2001,11,36.099999999999994,2001-11-01
2001,12,2.8,2001-12-01
2002,1,34.1,2002-01-01
2002,2,131.6,2002-02-01
2002,3,27.3,2002-03-01
2002,4,82.4,2002-04-01
2002,5,152.0,2002-05-01
2002,6,12.2,2002-06-01
2002,7,34.2,2002-07-01
2002,8,73.2,2002-08-01
2002,9,96.9,2002-09-01
2002,10,144.3,2002-10-01
2002,11,263.25,2002-11-01
2002,12,63.55,2002-12-01
2003,2,0.2,2003-02-01
2003,3,13.0,2003-03-01
2003,4,97.8,2003-04-01
2003,5,20.0,2003-05-01
2003,6,0.4,2003-06-01
2003,7,15.2,2003-07-01
2003,8,0.8,2003-08-01
2003,9,12.8,2003-09-01
2003,10,133.4,2003-10-01
2003,11,192.8,2003-11-01
2003,12,238.6,2003-12-01
2004,1,26.0,2004-01-01
2004,2,100.8,2004-02-01
2004,3,19.2,2004-03-01
2004,4,125.8,2004-04-01
2004,5,78.4,2004-05-01
2004,6,5.0,2004-06-01
2004,7,4.8,2004-07-01
2004,8,7.8,2004-08-01
2004,9,19.6,2004-09-01
2004,10,168.6,2004-10-01
2004,11,107.4,2004-11-01
2004,12,59.8,2004-12-01
2005,1,0.4,2005-01-01
2005,2,12.6,2005-02-01
2005,3,28.6,2005-03-01
2005,4,94.8,2005-04-01
2005,5,33.2,2005-05-01
2005,6,22.6,2005-06-01
2005,7,6.6,2005-07-01
2005,8,38.2,2005-08-01
2005,9,218.0,2005-09-01
2005,10,49.8,2005-10-01
2005,11,25.2,2005-11-01
2005,12,76.6,2005-12-01
2006,1,61.4,2006-01-01
2006,2,28.8,2006-02-01
2006,3,20.4,2006-03-01
2006,4,8.8,2006-04-01
2006,5,22.2,2006-05-01
2006,6,0.8,2006-06-01
2006,7,52.4,2006-07-01
2006,8,135.6,2006-08-01
2006,9,372.8,2006-09-01
2006,10,131.4,2006-10-01
2006,11,39.0,2006-11-01
2006,12,90.0,2006-12-01
2007,1,14.0,2007-01-01
2007,2,11.6,2007-02-01
2007,3,48.6,2007-03-01
2007,4,7.6,2007-04-01
2007,5,50.2,2007-05-01
2007,6,32.0,2007-06-01
2007,7,0.0,2007-07-01
2007,8,82.6,2007-08-01
2007,9,33.2,2007-09-01
2007,10,44.4,2007-10-01
2007,11,59.8,2007-11-01
2007,12,43.8,2007-12-01
2008,1,179.4,2008-01-01
2008,2,38.8,2008-02-01
2008,3,29.6,2008-03-01
2008,4,160.0,2008-04-01
2008,5,178.8,2008-05-01
2008,6,71.4,2008-06-01
2008,7,5.4,2008-07-01
2008,8,7.6,2008-08-01
2008,9,42.0,2008-09-01
2008,10,49.8,2008-10-01
2008,11,249.2,2008-11-01
2008,12,301.2,2008-12-01
2009,1,185.2,2009-01-01
2009,2,96.8,2009-02-01
2009,3,133.2,2009-03-01
2009,4,194.8,2009-04-01
2009,5,5.2,2009-05-01
2009,6,5.0,2009-06-01
2009,7,52.4,2009-07-01
2009,8,16.8,2009-08-01
2009,9,85.6,2009-09-01
2009,10,125.2,2009-10-01
2009,11,268.2,2009-11-01
2009,12,134.2,2009-12-01
2010,1,64.2,2010-01-01
2010,2,137.2,2010-02-01
2010,3,66.0,2010-03-01
2010,4,25.4,2010-04-01
2010,5,74.6,2010-05-01
2010,6,66.4,2010-06-01
2010,7,3.4,2010-07-01
2010,8,68.6,2010-08-01
2010,9,13.6,2010-09-01
2010,10,245.4,2010-10-01
2010,11,171.8,2010-11-01
2010,12,103.0,2010-12-01
2011,1,30.2,2011-01-01
2011,2,108.6,2011-02-01
2011,3,197.0,2011-03-01
2011,4,13.2,2011-04-01
2011,5,15.8,2011-05-01
2011,6,74.0,2011-06-01
2011,7,94.2,2011-07-01
2011,8,0.2,2011-08-01
2011,9,47.4,2011-09-01
2011,10,77.8,2011-10-01
2011,11,139.6,2011-11-01
2011,12,12.6,2011-12-01
2013,1,126.4,2013-01-01
2013,2,6.8,2013-02-01
2013,3,223.4,2013-03-01
2013,4,110.6,2013-04-01
2013,5,150.2,2013-05-01
2013,6,11.0,2013-06-01
2013,7,30.2,2013-07-01
2013,8,122.6,2013-08-01
2013,9,53.4,2013-09-01
2013,10,41.2,2013-10-01
2013,11,66.6,2013-11-01
2013,12,211.2,2013-12-01
2014,1,255.0,2014-01-01
2014,2,202.6,2014-02-01
2014,3,69.8,2014-03-01
2014,4,69.6,2014-04-01
2014,5,44.6,2014-05-01
2014,6,27.2,2014-06-01
2014,7,21.6,2014-07-01
2014,8,55.4,2014-08-01
2014,9,24.0,2014-09-01
2014,10,35.0,2014-10-01
2014,11,608.8,2014-11-01
2014,12,67.2,2014-12-01
2015,1,21.8,2015-01-01
2015,2,112.0,2015-02-01
2015,3,80.0,2015-03-01
2015,4,47.2,2015-04-01
2015,5,13.2,2015-05-01
2015,6,13.6,2015-06-01
2015,7,0.6,2015-07-01
2015,8,15.4,2015-08-01
2015,9,99.4,2015-09-01
2015,10,109.6,2015-10-01
2015,11,8.0,2015-11-01
2015,12,9.2,2015-12-01
2016,1,10.6,2016-01-01
2016,2,126.0,2016-02-01
2016,3,158.2,2016-03-01
2016,4,3.8,2016-04-01
2016,5,128.8,2016-05-01
2016,6,30.8,2016-06-01
2016,7,8.8,2016-07-01
2016,8,24.0,2016-08-01
2016,9,16.4,2016-09-01
2016,10,73.2,2016-10-01
2016,11,214.6,2016-11-01
2016,12,28.8,2016-12-01
2017,1,3.8,2017-01-01
2017,2,58.6,2017-02-01
2017,3,59.2,2017-03-01
2017,4,32.4,2017-04-01
2017,5,35.8,2017-05-01
2017,6,12.4,2017-06-01
2017,7,28.4,2017-07-01
2017,8,8.0,2017-08-01
2017,9,28.0,2017-09-01
2017,10,0.4,2017-10-01
2017,11,146.6,2017-11-01
2017,12,127.0,2017-12-01
2018,1,69.6,2018-01-01
2018,2,58.8,2018-02-01
2018,3,222.2,2018-03-01
2018,4,108.0,2018-04-01
2018,5,42.6,2018-05-01
2018,6,56.8,2018-06-01
2018,7,107.6,2018-07-01
2018,8,103.0,2018-08-01
2018,9,1.8,2018-09-01
2018,10,359.0,2018-10-01
2018,11,179.4,2018-11-01
2018,12,34.6,2018-12-01
2019,1,10.0,2019-01-01
2019,2,57.8,2019-02-01
2019,3,3.4,2019-03-01
2019,4,180.0,2019-04-01
2019,5,71.6,2019-05-01
2019,6,3.4,2019-06-01
2019,7,102.8,2019-07-01
2019,8,3.6,2019-08-01
2019,9,64.8,2019-09-01
2019,10,210.4,2019-10-01
2019,11,589.2,2019-11-01
2019,12,127.0,2019-12-01
2020,1,22.0,2020-01-01
2020,2,10.2,2020-02-01
2020,3,112.8,2020-03-01
2020,4,85.8,2020-04-01
2020,5,51.6,2020-05-01
2020,6,111.0,2020-06-01
2020,7,8.2,2020-07-01
2020,8,68.4,2020-08-01
2020,9,54.2,2020-09-01
2020,10,138.8,2020-10-01
2020,11,11.8,2020-11-01
2020,12,151.2,2020-12-01
2021,1,218.8,2021-01-01
2021,2,19.8,2021-02-01
2021,3,8.2,2021-03-01
2021,4,137.8,2021-04-01
2021,5,58.0,2021-05-01
2021,6,6.6,2021-06-01
2021,7,3.6,2021-07-01
2021,8,58.0,2021-08-01
2021,10,36.6,2021-10-01
2021,11,127.4,2021-11-01
2021,12,30.2,2021-12-01
2022,1,7.4,2022-01-01
2022,2,20.4,2022-02-01
2022,3,33.2,2022-03-01
2022,4,38.2,2022-04-01
2022,5,15.2,2022-05-01
2022,6,11.6,2022-06-01
2022,7,80.6,2022-07-01
2022,8,94.4,2022-08-01
2022,9,114.2,2022-09-01
2022,10,15.4,2022-10-01
2022,11,68.4,2022-11-01
2022,12,82.8,2022-12-01
